{"date": "2016-01-01", "name": "Joshua Sisson", "name_org": "Joshua Sisson"}
{"date": "2016-01-03", "name": "Germonta Wallace", "name_org": "Germonta Wallace"}
{"date": "2016-01-02", "name": "Sean O'Brien", "name_org": "Sean O'Brien"}
{"date": "2016-01-04", "name": "Rodney Turner", "name_org": "Rodney Turner"}
{"date": "2016-01-04", "name": "Eric Senegal", "name_org": "Eric Senegal"}
{"date": "2016-01-05", "name": "David Zollo", "name_org": "David Zollo"}
{"date": "2016-01-05", "name": "Joel Nelson", "name_org": "Joel Nelson"}
{"date": "2016-01-05", "name": "Stephen Bukwich", "name_org": "Stephen Bukwich"}
{"date": "2016-01-06", "name": "Charles Hollstein", "name_org": "Charles Hollstein"}
{"date": "2016-01-05", "name": "Albert Thompson", "name_org": "Albert Thompson"}
{"date": "2016-01-05", "name": "James Maher", "name_org": "James Maher"}
{"date": "2016-01-07", "name": "Alan Franco-Armenta", "name_org": "Alan Franco-Armenta"}
{"date": "2016-01-07", "name": "Kenneth Clay", "name_org": "Kenneth Clay"}
{"date": "2016-01-09", "name": "David Kent", "name_org": "David Kent"}
{"date": "2016-01-10", "name": "Christine Lucas", "name_org": "Christine Lucas"}
{"date": "2016-01-08", "name": "Andrew Abernathy", "name_org": "Andrew Abernathy"}
{"date": "2016-01-08", "name": "Eric Olsen", "name_org": "Eric Olsen"}
{"date": "2016-01-11", "name": "Robert Tenbrink", "name_org": "Robert Tenbrink"}
{"date": "2016-01-11", "name": "Ramone Lonergan", "name_org": "Ramone Lonergan"}
{"date": "2016-01-11", "name": "Alan Bartley", "name_org": "Alan Bartley"}
{"date": "2016-01-11", "name": "Ciara Meyer", "name_org": "Ciara Meyer"}
{"date": "2016-01-12", "name": "Herman Bean", "name_org": "Herman Bean Jr"}
{"date": "2016-01-11", "name": "Keith Richardson", "name_org": "Keith Richardson"}
{"date": "2016-01-14", "name": "Willie Holderfield", "name_org": "Willie Holderfield"}
{"date": "2016-01-13", "name": "Timothy Meehan", "name_org": "Timothy Meehan"}
{"date": "2016-01-14", "name": "Miguel Hernandez", "name_org": "Miguel Hernandez"}
{"date": "2016-01-16", "name": "Kelsey Hauser", "name_org": "Kelsey Hauser"}
{"date": "2016-01-17", "name": "Efrain Herrera", "name_org": "Efrain Herrera Jr"}
{"date": "2016-01-16", "name": "Alfred Longoria", "name_org": "Alfred Longoria"}
{"date": "2016-01-16", "name": "Henry Bennett", "name_org": "Henry Bennett"}
{"date": "2016-01-15", "name": "William Waldron", "name_org": "William Waldron"}
{"date": "2016-01-18", "name": "Timothy Caruthers", "name_org": "Timothy Caruthers"}
{"date": "2016-01-16", "name": "Adam Karjalainen", "name_org": "Adam Karjalainen"}
{"date": "2016-01-17", "name": "Joshua Fielding", "name_org": "Joshua Fielding"}
{"date": "2016-01-17", "name": "Crayton West", "name_org": "Crayton West"}
{"date": "2016-01-17", "name": "Ashton Morris", "name_org": "Ashton Morris"}
{"date": "2016-01-18", "name": "Jordan Szymanski", "name_org": "Jordan Szymanski"}
{"date": "2016-01-16", "name": "Clarence Layfield", "name_org": "Clarence Layfield Jr"}
{"date": "2016-01-17", "name": "Cory Henderson", "name_org": "Cory Henderson"}
{"date": "2016-01-18", "name": "Daniel Shaver", "name_org": "Daniel Shaver"}
{"date": "2016-01-18", "name": "Vasilios Katsouras", "name_org": "Vasilios Katsouras"}
{"date": "2016-01-18", "name": "Levi Wilson", "name_org": "Levi Wilson"}
{"date": "2016-01-19", "name": "Samuel Grady", "name_org": "Samuel Grady"}
{"date": "2016-01-19", "name": "Gary Jones", "name_org": "Gary Jones"}
{"date": "2016-01-18", "name": "Eric Provost", "name_org": "Eric Provost"}
{"date": "2016-01-13", "name": "Brandon Bearden", "name_org": "Brandon Bearden"}
{"date": "2016-01-19", "name": "Jim Redmond", "name_org": "Jim Redmond"}
{"date": "2016-01-20", "name": "Randy Sanders", "name_org": "Randy Sanders Jr"}
{"date": "2016-01-20", "name": "Timothy Albert", "name_org": "Timothy Albert"}
{"date": "2016-01-20", "name": "Michael Lynch", "name_org": "Michael Lynch"}
{"date": "2016-01-15", "name": "Rakeem Bentley", "name_org": "Rakeem Bentley"}
{"date": "2016-01-21", "name": "Cedric Norris", "name_org": "Cedric Norris"}
{"date": "2016-01-02", "name": "Lance Light", "name_org": "Lance Light"}
{"date": "2016-01-02", "name": "Lonnie Powers", "name_org": "Lonnie Powers Jr"}
{"date": "2016-01-22", "name": "Joshua Lee", "name_org": "Joshua Lee"}
{"date": "2016-01-22", "name": "Sharon Mitterling", "name_org": "Sharon Mitterling"}
{"date": "2016-01-23", "name": "Michael Robinson", "name_org": "Michael Robinson"}
{"date": "2016-01-25", "name": "Sergio Alvarado-Morales", "name_org": "Sergio Alvarado-Morales"}
{"date": "2016-01-19", "name": "Filberto Valencia", "name_org": "Filberto Valencia"}
{"date": "2016-01-26", "name": "Robert Finicum", "name_org": "Robert 'LaVoy' Finicum"}
{"date": "2016-01-27", "name": "Janet Wilson", "name_org": "Janet Wilson"}
{"date": "2016-01-27", "name": "Jonathan Bratcher", "name_org": "Jonathan Bratcher"}
{"date": "2016-01-27", "name": "Israel Rodriguez", "name_org": "Israel Rodriguez"}
{"date": "2016-01-27", "name": "Nathan Bailey", "name_org": "Nathan Bailey"}
{"date": "2016-01-27", "name": "Scott Scanlon", "name_org": "Scott Scanlon"}
{"date": "2016-01-27", "name": "John Smith", "name_org": "John Smith"}
{"date": "2016-01-27", "name": "Herman Flores", "name_org": "Herman Flores"}
{"date": "2016-01-28", "name": "Thongsavanh Vandarack", "name_org": "Thongsavanh Vandarack"}
{"date": "2016-01-28", "name": "William Adams", "name_org": "William Adams"}
{"date": "2016-01-29", "name": "Jacqueline Salyers", "name_org": "Jacqueline Salyers"}
{"date": "2016-01-29", "name": "Randolph McClain", "name_org": "Randolph McClain"}
{"date": "2016-01-29", "name": "Christopher Dew", "name_org": "Christopher Dew"}
{"date": "2016-01-30", "name": "Philip Salazar", "name_org": "Philip Salazar"}
{"date": "2016-01-30", "name": "Jose Alegre", "name_org": "Jose Alegre"}
{"date": "2016-01-30", "name": "Michael Brown", "name_org": "Michael Brown"}
{"date": "2016-01-31", "name": "Bruce Kelley", "name_org": "Bruce Kelley Jr"}
{"date": "2016-01-31", "name": "Charles Smith", "name_org": "Charles Smith"}
{"date": "2016-02-01", "name": "Peter John", "name_org": "Peter John"}
{"date": "2016-01-30", "name": "Jeremy Sinclair", "name_org": "Jeremy Sinclair"}
{"date": "2016-01-31", "name": "Juan Ruiz", "name_org": "Juan Ruiz"}
{"date": "2016-01-31", "name": "Jeffry Graves", "name_org": "Jeffry Graves"}
{"date": "2016-02-02", "name": "Edgar Alvarado", "name_org": "Edgar Alvarado"}
{"date": "2016-02-02", "name": "Justin Prescott", "name_org": "Justin Prescott"}
{"date": "2016-02-03", "name": "John Neuman", "name_org": "John Neuman"}
{"date": "2016-01-29", "name": "Angela Hiatt", "name_org": "Angela Hiatt"}
{"date": "2016-02-02", "name": "Joseph Molinaro", "name_org": "Joseph Molinaro"}
{"date": "2016-02-03", "name": "Raymond Gassman", "name_org": "Raymond Gassman"}
{"date": "2016-02-03", "name": "Cristiaan Dubrino", "name_org": "Cristiaan Dubrino"}
{"date": "2016-02-04", "name": "Antronie Scott", "name_org": "Antronie Scott"}
{"date": "2016-02-04", "name": "Thomas Hirko", "name_org": "Thomas Hirko"}
{"date": "2016-02-04", "name": "Kayden Clarke", "name_org": "Kayden Clarke"}
{"date": "2016-02-04", "name": "Scott Harless", "name_org": "Scott Harless"}
{"date": "2016-02-05", "name": "Ronald Barawis", "name_org": "Ronald Barawis Jr"}
{"date": "2016-01-31", "name": "Joshua Bispo", "name_org": "Joshua Bispo"}
{"date": "2016-02-05", "name": "Blake Fitzgerald", "name_org": "Blake Fitzgerald"}
{"date": "2016-02-04", "name": "Hector Leroy", "name_org": "Hector Leroy"}
{"date": "2016-02-05", "name": "Phillip Ferry", "name_org": "Phillip Ferry"}
{"date": "2016-02-06", "name": "Michael Laniado", "name_org": "Michael Laniado"}
{"date": "2016-02-06", "name": "Jose Mendez", "name_org": "Jose Mendez"}
{"date": "2016-02-07", "name": "Phillip Luchsinger", "name_org": "Phillip Luchsinger"}
{"date": "2016-02-07", "name": "Marese Collins", "name_org": "Marese Collins"}
{"date": "2016-02-08", "name": "Shalamar Longer", "name_org": "Shalamar Longer"}
{"date": "2016-02-08", "name": "David Joseph", "name_org": "David Joseph"}
{"date": "2016-02-05", "name": "Vinson Strickland", "name_org": "Vinson Strickland"}
{"date": "2016-02-08", "name": "Eric Harris", "name_org": "Eric Harris"}
{"date": "2016-02-09", "name": "Gustavo Najera", "name_org": "Gustavo Najera"}
{"date": "2016-02-09", "name": "Scottie Yanagawa", "name_org": "Scottie Yanagawa"}
{"date": "2016-02-10", "name": "David Evans", "name_org": "David Evans"}
{"date": "2016-02-10", "name": "Timothy Vessels", "name_org": "Timothy Vessels"}
{"date": "2016-02-05", "name": "Emily Thibodeaux", "name_org": "Emily Thibodeaux"}
{"date": "2016-02-10", "name": "John Birkeland", "name_org": "John Birkeland"}
{"date": "2016-02-10", "name": "Anthony Bertoni", "name_org": "Anthony Bertoni"}
{"date": "2016-02-10", "name": "Vincent Nageak", "name_org": "Vincent Nageak III"}
{"date": "2016-02-11", "name": "Matthew Quinn", "name_org": "Matthew Quinn"}
{"date": "2016-02-11", "name": "Mohamed Barry", "name_org": "Mohamed Barry"}
{"date": "2016-02-11", "name": "Alijah Jackson", "name_org": "Alijah Jackson"}
{"date": "2016-02-12", "name": "Peter Fanfan", "name_org": "Peter Fanfan"}
{"date": "2016-02-12", "name": "Sahlah Ridgeway", "name_org": "Sahlah Ridgeway"}
{"date": "2016-02-12", "name": "David Watson", "name_org": "David Watson"}
{"date": "2016-02-13", "name": "Calin Roquemore", "name_org": "Calin Roquemore"}
{"date": "2016-02-13", "name": "Calvin Smith", "name_org": "Calvin Smith"}
{"date": "2016-02-13", "name": "Dyzhawn Perkins", "name_org": "Dyzhawn Perkins"}
{"date": "2016-02-13", "name": "Ali Yahia", "name_org": "Ali Yahia"}
{"date": "2016-02-14", "name": "Rammy Jaradat", "name_org": "Rammy Jaradat"}
{"date": "2016-02-14", "name": "Eduardo Rodriguez", "name_org": "Eduardo Rodriguez"}
{"date": "2016-02-14", "name": "Marc Stoddart", "name_org": "Marc Stoddart"}
{"date": "2016-02-15", "name": "Brandon Witt", "name_org": "Brandon Witt"}
{"date": "2016-02-16", "name": "Christopher Andrews", "name_org": "Christopher Andrews"}
{"date": "2016-02-16", "name": "Destry Meikle", "name_org": "Destry Meikle"}
{"date": "2016-02-16", "name": "Shawn Dickens", "name_org": "Shawn Dickens"}
{"date": "2016-02-09", "name": "Deborah Roman", "name_org": "Deborah Roman"}
{"date": "2016-02-09", "name": "Nathan Roman", "name_org": "Nathan Roman"}
{"date": "2016-01-17", "name": "Talmadge King", "name_org": "Talmadge King"}
{"date": "2016-02-15", "name": "Guadalupe Sauceda", "name_org": "Guadalupe Sauceda"}
{"date": "2016-02-17", "name": "Paul Gaston", "name_org": "Paul Gaston"}
{"date": "2016-02-18", "name": "Joseph Noel", "name_org": "Joseph Noel"}
{"date": "2016-02-18", "name": "Oscar Reyes", "name_org": "Oscar Reyes"}
{"date": "2016-02-18", "name": "Jose Quintanilla", "name_org": "Jose Quintanilla"}
{"date": "2016-02-18", "name": "Ronnie Padron", "name_org": "Ronnie Padron"}
{"date": "2016-02-19", "name": "Justin Moses", "name_org": "Justin Moses"}
{"date": "2016-02-20", "name": "Marcos Perea", "name_org": "Marcos Perea"}
{"date": "2016-02-20", "name": "Charles Lambert", "name_org": "Charles Lambert"}
{"date": "2016-02-20", "name": "Edgar Camacho-Alvarado", "name_org": "Edgar Camacho-Alvarado"}
{"date": "2016-02-20", "name": "Danny Rendon", "name_org": "Danny Rendon"}
{"date": "2016-02-21", "name": "Kisha Michael", "name_org": "Kisha Michael"}
{"date": "2016-02-21", "name": "Marquintan Sandlin", "name_org": "Marquintan Sandlin"}
{"date": "2016-02-21", "name": "Che Taylor", "name_org": "Che Taylor"}
{"date": "2016-02-21", "name": "Sherrisa Homer", "name_org": "Sherrisa Homer"}
{"date": "2016-02-22", "name": "Patricia Kruger", "name_org": "Patricia Kruger"}
{"date": "2016-02-22", "name": "Jamie Long", "name_org": "Jamie Long"}
{"date": "2016-02-22", "name": "David Green", "name_org": "David Green"}
{"date": "2016-02-22", "name": "Gerardino Cayetano-Gonzalez", "name_org": "Gerardino Cayetano-Gonzalez"}
{"date": "2016-02-22", "name": "Rouven Loch", "name_org": "Rouven Loch"}
{"date": "2016-02-23", "name": "Baltazar Ramos", "name_org": "Baltazar Ramos"}
{"date": "2016-02-19", "name": "Curtis Dugger", "name_org": "Curtis Dugger"}
{"date": "2016-02-23", "name": "Alex Buckner", "name_org": "Alex Buckner"}
{"date": "2016-02-23", "name": "Angel Gleason", "name_org": "Angel Gleason"}
{"date": "2016-02-23", "name": "Travis Stevenson", "name_org": "Travis Stevenson"}
{"date": "2016-02-24", "name": "Robert Keil", "name_org": "Robert Keil"}
{"date": "2016-02-24", "name": "Martin Wirth", "name_org": "Martin Wirth"}
{"date": "2016-02-24", "name": "Victor Rivera", "name_org": "Victor Rivera"}
{"date": "2016-02-24", "name": "Francisco Garcia", "name_org": "Francisco Garcia"}
{"date": "2016-02-25", "name": "Luke Miller", "name_org": "Luke Miller"}
{"date": "2016-02-25", "name": "Greg Gunn", "name_org": "Greg Gunn"}
{"date": "2016-02-25", "name": "Tristan Conti", "name_org": "Tristan Conti"}
{"date": "2016-02-25", "name": "Cedric Ford", "name_org": "Cedric Ford"}
{"date": "2016-02-26", "name": "Abraham Fryer", "name_org": "Abraham Fryer"}
{"date": "2016-02-26", "name": "Kionte Spencer", "name_org": "Kionte Spencer"}
{"date": "2016-02-27", "name": "Fernando Hernandez", "name_org": "Fernando Hernandez"}
{"date": "2016-02-28", "name": "Nathan Grissom", "name_org": "Nathan Grissom"}
{"date": "2016-02-28", "name": "Earl Hicks", "name_org": "Earl Hicks II"}
{"date": "2016-02-29", "name": "Akiel Denkins", "name_org": "Akiel Denkins"}
{"date": "2016-03-01", "name": "Dimitri Corcino", "name_org": "Dimitri Corcino"}
{"date": "2016-03-01", "name": "Jorge Gonzalez", "name_org": "Jorge Gonzalez"}
{"date": "2016-03-01", "name": "Mickey Sweatt", "name_org": "Mickey Sweatt"}
{"date": "2016-03-02", "name": "Travis Bradley", "name_org": "Travis Bradley"}
{"date": "2016-03-03", "name": "Sergio Ochoa", "name_org": "Sergio Ochoa"}
{"date": "2016-01-28", "name": "Christopher Kalonji", "name_org": "Christopher Kalonji"}
{"date": "2016-03-02", "name": "Daniel Burkhardt", "name_org": "Daniel Burkhardt"}
{"date": "2016-03-05", "name": "Darrell Bosell", "name_org": "Darrell Bosell"}
{"date": "2016-03-05", "name": "Herbert Ballance", "name_org": "Herbert Ballance"}
{"date": "2016-03-04", "name": "John Chamberlain", "name_org": "John Chamberlain"}
{"date": "2016-03-06", "name": "Osvaldo Torres", "name_org": "Osvaldo Torres"}
{"date": "2016-03-07", "name": "Philip Vitullo", "name_org": "Philip Vitullo"}
{"date": "2016-03-06", "name": "James Scott", "name_org": "James 'Tony' Scott"}
{"date": "2016-03-06", "name": "Mark Minnick", "name_org": "Mark Minnick"}
{"date": "2016-03-07", "name": "Randall Selsor", "name_org": "Randall Selsor"}
{"date": "2016-03-07", "name": "Byron Rosas", "name_org": "Byron Rosas"}
{"date": "2016-03-07", "name": "John Graham", "name_org": "John Charles Graham"}
{"date": "2016-03-04", "name": "Brandon Stanley", "name_org": "Brandon Stanley"}
{"date": "2016-03-08", "name": "Jeffrey Casale", "name_org": "Jeffrey Casale"}
{"date": "2016-03-07", "name": "Daniel Chavez", "name_org": "Daniel Chavez"}
{"date": "2016-03-03", "name": "Alex Thompson", "name_org": "Alex Thompson"}
{"date": "2016-03-10", "name": "Jason Meador", "name_org": "Jason Meador"}
{"date": "2016-03-10", "name": "Arteair Porter", "name_org": "Arteair Porter Jr"}
{"date": "2016-03-10", "name": "Wesley Sheppard", "name_org": "Wesley Sheppard"}
{"date": "2016-03-10", "name": "Martin Hurtado", "name_org": "Martin Hurtado"}
{"date": "2016-03-10", "name": "German Gonzalez", "name_org": "German Gonzalez"}
{"date": "2016-03-11", "name": "Tyre Privott", "name_org": "Tyre Privott"}
{"date": "2016-03-11", "name": "Manford Moore", "name_org": "Manford 'Butch' Moore Jr"}
{"date": "2016-03-11", "name": "Teodoro Valencia", "name_org": "Teodoro Valencia"}
{"date": "2016-03-12", "name": "Peter Gaines", "name_org": "Peter Gaines"}
{"date": "2016-03-12", "name": "Keith Montgomery", "name_org": "Keith Montgomery Jr"}
{"date": "2016-03-13", "name": "Joshua Grubb", "name_org": "Joshua Grubb"}
{"date": "2016-03-12", "name": "Marco Loud", "name_org": "Marco Loud"}
{"date": "2016-03-13", "name": "Wesley Deerman", "name_org": "Wesley 'Chad' Deerman"}
{"date": "2016-03-13", "name": "Gevork Alachadzhyan", "name_org": "Gevork Alachadzhyan"}
{"date": "2016-03-13", "name": "Amy McCoy", "name_org": "Amy McCoy"}
{"date": "2016-03-11", "name": "Jack Goodman", "name_org": "Jack Goodman"}
{"date": "2016-03-13", "name": "Jose Cruz", "name_org": "Jose Cruz"}
{"date": "2016-03-13", "name": "Jacai Colson", "name_org": "Jacai Colson"}
{"date": "2016-03-14", "name": "Lamar Harris", "name_org": "Lamar Harris"}
{"date": "2016-03-15", "name": "Joseph Harris", "name_org": "Joseph Harris"}
{"date": "2016-03-16", "name": "Cristian Medina", "name_org": "Cristian Medina"}
{"date": "2016-03-15", "name": "Ed McIver", "name_org": "Ed McIver Sr"}
{"date": "2016-03-15", "name": "Daniel Wooters", "name_org": "Daniel Wooters"}
{"date": "2016-03-16", "name": "Vincent Avila", "name_org": "Vincent Avila"}
{"date": "2016-03-16", "name": "Eric Hernandez", "name_org": "Eric Hernandez"}
{"date": "2016-03-16", "name": "Dennis Penny", "name_org": "Dennis Penny"}
{"date": "2016-03-17", "name": "Map Kong", "name_org": "Map Kong"}
{"date": "2016-03-17", "name": "Sunny Chin", "name_org": "Sunny Chin"}
{"date": "2016-01-05", "name": "Carlton Murphy", "name_org": "Carlton Murphy Jr"}
{"date": "2016-03-17", "name": "Scott Bennett", "name_org": "Scott Bennett"}
{"date": "2016-03-17", "name": "Christopher Nelms", "name_org": "Christopher Nelms"}
{"date": "2016-03-18", "name": "Michael Mallett", "name_org": "Michael Mallett"}
{"date": "2016-03-19", "name": "India Beaty", "name_org": "India Beaty"}
{"date": "2016-03-19", "name": "Thurman Reynolds", "name_org": "Thurman Reynolds"}
{"date": "2016-03-19", "name": "Dylan Whitaker", "name_org": "Dylan Whitaker"}
{"date": "2016-03-19", "name": "Joshua Douglas", "name_org": "Joshua Douglas"}
{"date": "2016-03-20", "name": "Boyd Ballard", "name_org": "Boyd Ballard"}
{"date": "2016-03-20", "name": "Abraham Martinez", "name_org": "Abraham Martinez"}
{"date": "2016-03-20", "name": "Robert Dentmond", "name_org": "Robert Dentmond"}
{"date": "2016-03-20", "name": "Clarence Briggs", "name_org": "Clarence Briggs"}
{"date": "2016-03-21", "name": "Ralph Grenon", "name_org": "Ralph 'Phil' Grenon"}
{"date": "2016-03-21", "name": "Edward Gorinski", "name_org": "Edward Gorinski"}
{"date": "2016-03-21", "name": "Dylan Pape", "name_org": "Dylan Pape"}
{"date": "2016-03-22", "name": "Travis Blair", "name_org": "Travis Blair"}
{"date": "2016-03-22", "name": "Ethan Rincon", "name_org": "Ethan Rincon"}
{"date": "2016-03-23", "name": "Daven Hannu", "name_org": "Daven Hannu"}
{"date": "2016-03-23", "name": "Alexio Allen", "name_org": "Alexio Allen"}
{"date": "2016-03-24", "name": "Robert Dussourd", "name_org": "Robert Dussourd"}
{"date": "2016-03-23", "name": "Raymond Gonzalez", "name_org": "Raymond Gonzalez"}
{"date": "2016-03-24", "name": "Joel Gonzales", "name_org": "Joel Gonzales"}
{"date": "2016-03-24", "name": "Andrew Mike", "name_org": "Andrew Mike"}
{"date": "2016-03-24", "name": "Dominique Silva", "name_org": "Dominique Silva"}
{"date": "2016-03-24", "name": "Jermon Seals", "name_org": "Jermon Seals"}
{"date": "2016-03-26", "name": "Terrence Blackburn", "name_org": "Terrence Blackburn"}
{"date": "2016-03-24", "name": "Mario Sandoval", "name_org": "Mario Sandoval"}
{"date": "2016-03-26", "name": "Patrick McManamon", "name_org": "Patrick McManamon"}
{"date": "2016-03-26", "name": "Donald White", "name_org": "Donald White"}
{"date": "2016-03-26", "name": "Jose Perez", "name_org": "Jose Perez"}
{"date": "2016-03-26", "name": "Robert Guerin", "name_org": "Robert Guerin"}
{"date": "2016-03-27", "name": "Deriante Miller", "name_org": "Deriante Miller"}
{"date": "2016-03-27", "name": "Loreal Tsingine", "name_org": "Loreal Tsingine"}
{"date": "2016-03-27", "name": "Jeffrey Lanahan", "name_org": "Jeffrey Lanahan"}
{"date": "2016-03-27", "name": "Earl Ashby", "name_org": "Earl Ashby"}
{"date": "2016-03-29", "name": "Joseph Melvin", "name_org": "Joseph Melvin"}
{"date": "2016-03-29", "name": "Robert Garrison", "name_org": "Robert Garrison Jr"}
{"date": "2016-03-29", "name": "Denise Fairchild", "name_org": "Denise Fairchild"}
{"date": "2016-03-30", "name": "Angel Montion", "name_org": "Angel Montion"}
{"date": "2016-03-31", "name": "James Brown", "name_org": "James Brown III"}
{"date": "2016-03-31", "name": "Matthew Wood", "name_org": "Matthew Wood Jr"}
{"date": "2016-03-31", "name": "Kimani Johnson", "name_org": "Kimani Johnson"}
{"date": "2016-04-01", "name": "Jesse Juarez", "name_org": "Jesse Juarez"}
{"date": "2016-04-01", "name": "Joel Fabela", "name_org": "Joel Fabela"}
{"date": "2016-04-02", "name": "Cameron Glover", "name_org": "Cameron Glover"}
{"date": "2016-04-03", "name": "David Mack", "name_org": "David Mack"}
{"date": "2016-04-03", "name": "Darrin Martin", "name_org": "Darrin Martin"}
{"date": "2016-04-03", "name": "Melissa Boarts", "name_org": "Melissa Boarts"}
{"date": "2016-04-04", "name": "Raul Marquez-Heraldes", "name_org": "Raul Marquez-Heraldes"}
{"date": "2016-04-05", "name": "Kevin Hicks", "name_org": "Kevin Hicks"}
{"date": "2016-04-05", "name": "Peter Doherty", "name_org": "Peter Doherty"}
{"date": "2016-04-06", "name": "Marvin Cremeans", "name_org": "Marvin Cremeans"}
{"date": "2016-04-06", "name": "Christopher Erdman", "name_org": "Christopher Erdman"}
{"date": "2016-04-06", "name": "Laronda Sweatt", "name_org": "Laronda Sweatt"}
{"date": "2016-04-06", "name": "Cesar Frias", "name_org": "Cesar Frias"}
{"date": "2016-04-07", "name": "Luis G\u00f3ngora", "name_org": "Luis G\u00f3ngora"}
{"date": "2016-04-07", "name": "Lance McIntire", "name_org": "Lance McIntire"}
{"date": "2016-04-07", "name": "Christopher Wilson", "name_org": "Christopher Wilson"}
{"date": "2016-04-08", "name": "Dazion Flenaugh", "name_org": "Dazion 'Jerome' Flenaugh"}
{"date": "2016-04-08", "name": "Lamont Gulley", "name_org": "Lamont Gulley"}
{"date": "2016-04-08", "name": "Melissa Abbott", "name_org": "Melissa Abbott"}
{"date": "2016-04-09", "name": "Diahlo Grant", "name_org": "Diahlo Grant"}
{"date": "2016-04-10", "name": "Lonnie Ball", "name_org": "Lonnie Ball"}
{"date": "2016-04-10", "name": "Arturo Yobani-Torrez Valdez", "name_org": "Arturo Yobani-Torrez Valdez"}
{"date": "2016-04-09", "name": "Quron Williams", "name_org": "Quron Williams"}
{"date": "2016-04-10", "name": "William Clark", "name_org": "William Clark III"}
{"date": "2016-04-11", "name": "Pierre Loury", "name_org": "Pierre Loury"}
{"date": "2016-04-11", "name": "Efren Trujillo-Soriano", "name_org": "Efren Trujillo-Soriano"}
{"date": "2016-04-12", "name": "Dion Damon", "name_org": "Dion Damon"}
{"date": "2016-04-12", "name": "Travis Wood", "name_org": "Travis Wood"}
{"date": "2016-04-13", "name": "Rodney Watts", "name_org": "Rodney Watts"}
{"date": "2016-04-12", "name": "Joshua Moreno", "name_org": "Joshua Moreno"}
{"date": "2016-04-13", "name": "Jeffrey Wise", "name_org": "Jeffrey Wise"}
{"date": "2016-04-13", "name": "Koltlee Whitson", "name_org": "Koltlee Whitson"}
{"date": "2016-04-10", "name": "Luis Soto", "name_org": "Luis Soto"}
{"date": "2016-04-14", "name": "Jeff Robertson", "name_org": "Jeff Robertson"}
{"date": "2016-04-15", "name": "Allen Smith", "name_org": "Allen 'Storm' Smith"}
{"date": "2016-04-15", "name": "David Swatsky", "name_org": "David Swatsky"}
{"date": "2016-04-15", "name": "Clemente Najera", "name_org": "Clemente Najera"}
{"date": "2016-04-16", "name": "Gerald Boyes", "name_org": "Gerald Boyes"}
{"date": "2016-04-17", "name": "Kisha Arrone", "name_org": "Kisha Arrone"}
{"date": "2016-04-17", "name": "George Tillman", "name_org": "George Tillman"}
{"date": "2016-04-17", "name": "Richard Bard", "name_org": "Richard Bard Jr"}
{"date": "2016-04-17", "name": "Edson Thevenin", "name_org": "Edson Thevenin"}
{"date": "2016-04-17", "name": "Eric Wilson", "name_org": "Eric Wilson"}
{"date": "2016-04-19", "name": "Jorevis Scruggs", "name_org": "Jorevis Scruggs"}
{"date": "2016-04-19", "name": "Sylasone Ackhavong", "name_org": "Sylasone Ackhavong"}
{"date": "2016-04-18", "name": "Rico Johnson", "name_org": "Rico Johnson"}
{"date": "2016-04-18", "name": "Demetrius Dorsey", "name_org": "Demetrius Dorsey"}
{"date": "2016-04-15", "name": "Robert Howard", "name_org": "Robert Howard"}
{"date": "2016-04-19", "name": "Daniel Blackmon", "name_org": "Daniel Blackmon"}
{"date": "2016-04-20", "name": "Francis Dufore", "name_org": "Francis Dufore"}
{"date": "2016-04-20", "name": "Jackie Kirkham", "name_org": "Jackie Kirkham"}
{"date": "2016-04-21", "name": "Mario Mejia-Martinez", "name_org": "Mario Mejia-Martinez"}
{"date": "2016-03-11", "name": "Christopher Tokazowski", "name_org": "Christopher Tokazowski"}
{"date": "2016-04-22", "name": "Tyler Hunkin", "name_org": "Tyler Hunkin"}
{"date": "2016-04-22", "name": "Carl Baranishyn", "name_org": "Carl Baranishyn"}
{"date": "2016-04-23", "name": "Mitchell Oakley", "name_org": "Mitchell Oakley"}
{"date": "2016-04-23", "name": "Jakob Wagner", "name_org": "Jakob Wagner"}
{"date": "2016-04-23", "name": "Demarcus Semer", "name_org": "Demarcus Semer"}
{"date": "2016-04-23", "name": "Eric Wakup", "name_org": "Eric Wakup"}
{"date": "2016-04-24", "name": "Bradford Macomber", "name_org": "Bradford Macomber"}
{"date": "2016-04-25", "name": "Kay Campbell", "name_org": "Kay Campbell"}
{"date": "2016-04-26", "name": "Jacquelyn Burke", "name_org": "Jacquelyn Burke"}
{"date": "2016-04-26", "name": "Joshua Brooks", "name_org": "Joshua Brooks"}
{"date": "2016-04-26", "name": "Robin Barber", "name_org": "Robin Barber"}
{"date": "2016-04-26", "name": "Darrel Machemehl", "name_org": "Darrel Machemehl"}
{"date": "2016-04-27", "name": "Damon Blair", "name_org": "Damon Blair"}
{"date": "2016-04-27", "name": "Cin Mung", "name_org": "Cin Mung"}
{"date": "2016-04-28", "name": "Kendar del Rosario", "name_org": "Kendar del Rosario"}
{"date": "2016-04-28", "name": "Ashtian Barnes", "name_org": "Ashtian Barnes"}
{"date": "2016-04-28", "name": "Michael Kurtz", "name_org": "Michael Kurtz"}
{"date": "2016-04-28", "name": "Lee Easter", "name_org": "Lee Easter"}
{"date": "2016-04-29", "name": "Jeffrey Hobbs", "name_org": "Jeffrey Hobbs"}
{"date": "2016-04-30", "name": "Mark Bess", "name_org": "Mark Bess"}
{"date": "2016-04-29", "name": "Bender Dass", "name_org": "Bender Dass"}
{"date": "2016-04-30", "name": "Oswald Mattner", "name_org": "Oswald 'Ozzie' Mattner"}
{"date": "2016-05-01", "name": "Charlin Charles", "name_org": "Charlin Charles"}
{"date": "2016-04-30", "name": "Marion Habana", "name_org": "Marion Habana"}
{"date": "2016-03-07", "name": "Abelino Cordova-Cuevas", "name_org": "Abelino Cordova-Cuevas"}
{"date": "2016-02-06", "name": "Steve Davis", "name_org": "Steve Davis"}
{"date": "2016-02-24", "name": "Christopher Davis", "name_org": "Christopher Davis"}
{"date": "2016-03-30", "name": "Thomas Lagano", "name_org": "Thomas Lagano"}
{"date": "2016-02-11", "name": "Jerand Ross", "name_org": "Jerand Ross"}
{"date": "2016-05-01", "name": "Ronald Branch", "name_org": "Ronald Branch"}
{"date": "2016-05-03", "name": "Raymond Hopper", "name_org": "Raymond Hopper"}
{"date": "2016-05-04", "name": "Cayce Ditullio", "name_org": "Cayce Ditullio"}
{"date": "2016-05-04", "name": "Richard Ferretti", "name_org": "Richard Ferretti"}
{"date": "2016-05-04", "name": "Gerry Thompson", "name_org": "Gerry Thompson"}
{"date": "2016-05-04", "name": "Matthew Tucker", "name_org": "Matthew Tucker"}
{"date": "2016-05-05", "name": "Deresha Armstrong", "name_org": "Deresha Armstrong"}
{"date": "2016-05-05", "name": "Burt Johnson", "name_org": "Burt Johnson"}
{"date": "2016-05-05", "name": "Corey DiGiovanni", "name_org": "Corey DiGiovanni"}
{"date": "2016-05-06", "name": "Ronald Williams", "name_org": "Ronald Williams Jr"}
{"date": "2016-05-07", "name": "Alton Witchard", "name_org": "Alton Witchard"}
{"date": "2016-05-07", "name": "Nathan Cates", "name_org": "Nathan Cates"}
{"date": "2016-05-07", "name": "Lionel Gibson", "name_org": "Lionel Gibson"}
{"date": "2016-05-09", "name": "Jaffort Smith", "name_org": "Jaffort Smith"}
{"date": "2016-05-09", "name": "Christian Bowman", "name_org": "Christian Bowman"}
{"date": "2016-05-09", "name": "Michael Johnson", "name_org": "Michael Johnson"}
{"date": "2016-04-23", "name": "Willie Tillman", "name_org": "Willie Tillman"}
{"date": "2016-05-07", "name": "Derek Sam", "name_org": "Derek Sam"}
{"date": "2016-05-09", "name": "Arthur Williams", "name_org": "Arthur Williams Jr"}
{"date": "2016-05-09", "name": "Jamie Stotts", "name_org": "Jamie Stotts"}
{"date": "2016-05-11", "name": "Stephen Schuster", "name_org": "Stephen Schuster"}
{"date": "2016-05-10", "name": "Arthur DaRosa", "name_org": "Arthur DaRosa"}
{"date": "2016-05-11", "name": "Sean Mondragon", "name_org": "Sean Mondragon"}
{"date": "2016-05-11", "name": "Thongsoune Vilaysane", "name_org": "Thongsoune Vilaysane"}
{"date": "2016-05-11", "name": "Stephen Godfrey", "name_org": "Stephen Godfrey"}
{"date": "2016-05-14", "name": "Ryan Johnson", "name_org": "Ryan Johnson"}
{"date": "2016-05-14", "name": "Francis Clark", "name_org": "Francis Clark"}
{"date": "2016-05-14", "name": "Jeffrey Sims", "name_org": "Jeffrey Sims"}
{"date": "2016-03-31", "name": "James Simpson", "name_org": "James Simpson"}
{"date": "2016-05-13", "name": "Michael Gaffney", "name_org": "Michael Gaffney"}
{"date": "2016-05-14", "name": "Cody Marsh", "name_org": "Cody Marsh"}
{"date": "2016-05-16", "name": "Scott Macomber", "name_org": "Scott Macomber"}
{"date": "2016-05-16", "name": "Jabril Robinson", "name_org": "Jabril Robinson"}
{"date": "2016-05-15", "name": "Dracy Pendleton", "name_org": "Dracy Pendleton"}
{"date": "2016-05-18", "name": "Garry Conrad", "name_org": "Garry Conrad"}
{"date": "2016-05-17", "name": "Luke Sanders", "name_org": "Luke Sanders"}
{"date": "2016-05-18", "name": "Joseph Weatherby", "name_org": "Joseph Weatherby"}
{"date": "2016-05-18", "name": "Israel Santos-Banos", "name_org": "Israel Santos-Banos"}
{"date": "2016-05-19", "name": "Jeremias Cruz", "name_org": "Jeremias Cruz"}
{"date": "2016-05-19", "name": "Jessica Williams", "name_org": "Jessica Williams"}
{"date": "2016-05-19", "name": "Jaime Ide", "name_org": "Jaime Ide"}
{"date": "2016-05-19", "name": "Kentrill Carraway", "name_org": "Kentrill Carraway"}
{"date": "2016-05-19", "name": "Timothy Stacy", "name_org": "Timothy Stacy"}
{"date": "2016-05-02", "name": "Reginald Dogan", "name_org": "Reginald Dogan"}
{"date": "2016-05-20", "name": "Joshua Beebee", "name_org": "Joshua Beebee"}
{"date": "2016-05-21", "name": "Mark Nelson", "name_org": "Mark Nelson"}
{"date": "2016-05-21", "name": "Norman Campbell", "name_org": "Norman Campbell"}
{"date": "2016-05-21", "name": "Travis Moore", "name_org": "Travis Moore"}
{"date": "2016-05-22", "name": "Michael Wilson", "name_org": "Michael Wilson Jr"}
{"date": "2016-05-22", "name": "Jorge Zambrano", "name_org": "Jorge Zambrano"}
{"date": "2016-05-22", "name": "Bryson Fischer", "name_org": "Bryson Fischer"}
{"date": "2016-05-23", "name": "Verl Bedonie", "name_org": "Verl Bedonie"}
{"date": "2016-05-22", "name": "Vernell Bing", "name_org": "Vernell Bing Jr"}
{"date": "2016-05-24", "name": "Bodhi Phelps", "name_org": "Bodhi Phelps"}
{"date": "2016-05-24", "name": "Leslie Goletz", "name_org": "Leslie Goletz"}
{"date": "2016-05-24", "name": "Mario Montoya", "name_org": "Mario Montoya"}
{"date": "2016-05-25", "name": "Derek Prophet", "name_org": "Derek Prophet"}
{"date": "2016-05-25", "name": "Terry Frost", "name_org": "Terry Frost"}
{"date": "2016-05-26", "name": "Eugene Smith", "name_org": "Eugene Smith"}
{"date": "2016-05-26", "name": "Angel Navarro", "name_org": "Angel Navarro"}
{"date": "2016-05-26", "name": "Warren Christian", "name_org": "Warren Christian"}
{"date": "2016-05-26", "name": "Devonte Gates", "name_org": "Devonte Gates"}
{"date": "2016-05-26", "name": "Fernando Castro", "name_org": "Fernando Castro"}
{"date": "2016-05-26", "name": "Tonnia Jarvis", "name_org": "Tonnia Jarvis"}
{"date": "2016-05-27", "name": "Terry Edwards", "name_org": "Terry Edwards"}
{"date": "2016-05-29", "name": "Todd Burroughs", "name_org": "Todd Burroughs"}
{"date": "2016-05-28", "name": "Dennis Humphrey", "name_org": "Dennis Humphrey"}
{"date": "2016-05-29", "name": "John Coffey", "name_org": "John Coffey"}
{"date": "2016-05-30", "name": "Osee Calix", "name_org": "Osee Calix"}
{"date": "2016-05-30", "name": "Robert Wickizer", "name_org": "Robert Wickizer"}
{"date": "2016-05-28", "name": "Dennis Hudson", "name_org": "Dennis Hudson"}
{"date": "2016-05-29", "name": "Dionisio Garza", "name_org": "Dionisio Garza III"}
{"date": "2016-05-29", "name": "Donald Brown", "name_org": "Donald Brown III"}
{"date": "2016-05-25", "name": "Doll Pierre-Louis", "name_org": "Doll Pierre-Louis"}
{"date": "2016-05-16", "name": "Justin Addler", "name_org": "Justin Addler"}
{"date": "2016-05-13", "name": "Robert Diaz", "name_org": "Robert Diaz"}
{"date": "2016-05-08", "name": "Alexander Larmon", "name_org": "Alexander Larmon"}
{"date": "2016-05-31", "name": "Nicholas Berger", "name_org": "Nicholas Berger"}
{"date": "2016-06-01", "name": "Kevin Marshall", "name_org": "Kevin Marshall"}
{"date": "2016-02-03", "name": "Randy Nelson", "name_org": "Randy Nelson"}
{"date": "2016-05-28", "name": "Ernesto Carraman", "name_org": "Ernesto Carraman"}
{"date": "2016-01-25", "name": "Scott Brunson", "name_org": "Scott Brunson"}
{"date": "2016-01-25", "name": "Stephen Schenck", "name_org": "Stephen Schenck"}
{"date": "2016-04-04", "name": "Darius Robinson", "name_org": "Darius Robinson"}
{"date": "2016-04-20", "name": "Paul Gianelos", "name_org": "Paul Gianelos"}
{"date": "2016-02-02", "name": "Lawrence Kindel", "name_org": "Lawrence Kindel"}
{"date": "2016-02-05", "name": "Wendell Celestine", "name_org": "Wendell Celestine Jr"}
{"date": "2016-02-24", "name": "Alex Zoucha", "name_org": "Alex Zoucha"}
{"date": "2016-03-19", "name": "Torrey Robinson", "name_org": "Torrey Robinson"}
{"date": "2016-03-16", "name": "Dallis Hernandez", "name_org": "Dallis Hernandez"}
{"date": "2016-06-01", "name": "Daniel Pigg", "name_org": "Daniel Pigg"}
{"date": "2016-03-28", "name": "Alice Goudie", "name_org": "Alice Goudie"}
{"date": "2016-06-01", "name": "Michael Johnson", "name_org": "Michael Johnson"}
{"date": "2016-05-28", "name": "Ollie Brooks", "name_org": "Ollie Brooks"}
{"date": "2016-02-15", "name": "Inocencio Cardenas", "name_org": "Inocencio Cardenas Jr"}
{"date": "2016-02-12", "name": "Jonathan Fowler", "name_org": "Jonathan Fowler"}
{"date": "2016-06-02", "name": "William 'Meat-Meat' James", "name_org": "William 'Meat-Meat' James"}
{"date": "2016-06-02", "name": "Rodney Smith", "name_org": "Rodney Smith"}
{"date": "2016-06-04", "name": "Daniel Shaham", "name_org": "Daniel Shaham"}
{"date": "2016-06-04", "name": "Larry Stepp", "name_org": "Larry Stepp"}
{"date": "2016-06-03", "name": "Hubert Burns", "name_org": "Hubert Burns Jr"}
{"date": "2016-06-03", "name": "Joshua Smith", "name_org": "Joshua Smith"}
{"date": "2016-06-05", "name": "Christopher Moran", "name_org": "Christopher Moran"}
{"date": "2016-06-04", "name": "Demarco Rhymes", "name_org": "Demarco Rhymes"}
{"date": "2016-05-10", "name": "Nancy Friedrich", "name_org": "Nancy Friedrich"}
{"date": "2016-06-06", "name": "Kalyp Rapoza", "name_org": "Kalyp Rapoza"}
{"date": "2016-06-06", "name": "Henry Green", "name_org": "Henry Green"}
{"date": "2016-06-07", "name": "Andrew Henson", "name_org": "Andrew Henson"}
{"date": "2016-02-18", "name": "Travis Wood", "name_org": "Travis Wood"}
{"date": "2016-06-07", "name": "Willis Walker", "name_org": "Willis Walker Jr"}
{"date": "2016-04-25", "name": "Jonathan Watson", "name_org": "Jonathan Watson"}
{"date": "2016-03-16", "name": "Richard Gonzalez", "name_org": "Richard Gonzalez"}
{"date": "2016-03-12", "name": "Michael Roll", "name_org": "Michael Roll"}
{"date": "2016-03-12", "name": "William Jennings", "name_org": "William Jennings"}
{"date": "2016-06-07", "name": "Omar Villagomez", "name_org": "Omar Villagomez"}
{"date": "2016-06-07", "name": "Weston Sites", "name_org": "Weston Sites"}
{"date": "2016-06-08", "name": "Carlos Garcia", "name_org": "Carlos Garcia"}
{"date": "2016-06-05", "name": "Hope Elferdink", "name_org": "Hope Elferdink"}
{"date": "2016-06-09", "name": "James Nickol", "name_org": "James Nickol"}
{"date": "2016-06-09", "name": "Clifford Tucker", "name_org": "Clifford Tucker"}
{"date": "2016-06-08", "name": "William Powell", "name_org": "William 'David' Powell"}
{"date": "2016-06-09", "name": "William Hollis", "name_org": "William Hollis"}
{"date": "2016-06-09", "name": "John Brisco", "name_org": "John Brisco"}
{"date": "2016-06-10", "name": "Bobby Sanchez", "name_org": "Bobby Sanchez"}
{"date": "2016-06-10", "name": "Juan Briseno-Ortega", "name_org": "Juan Briseno-Ortega"}
{"date": "2016-06-10", "name": "Clayton Millsaps", "name_org": "Clayton Millsaps"}
{"date": "2016-06-11", "name": "Jesus Duran", "name_org": "Jesus Duran"}
{"date": "2016-06-12", "name": "Omar Mateen", "name_org": "Omar Mateen"}
{"date": "2016-06-12", "name": "Daniel Edwards", "name_org": "Daniel Edwards"}
{"date": "2016-06-11", "name": "Lyndarius Witherspoon", "name_org": "Lyndarius Witherspoon"}
{"date": "2016-06-12", "name": "John Williams", "name_org": "John Williams"}
{"date": "2016-06-13", "name": "Michael Moore", "name_org": "Michael Moore"}
{"date": "2016-06-13", "name": "Joshua Sciscm", "name_org": "Joshua Sciscm"}
{"date": "2016-06-13", "name": "Edward Acquisto", "name_org": "Edward Acquisto"}
{"date": "2016-06-13", "name": "Noel Rodriguez", "name_org": "Noel Rodriguez"}
{"date": "2016-05-29", "name": "Charles Todero", "name_org": "Charles Todero"}
{"date": "2016-06-14", "name": "Mohammad Moghaddam", "name_org": "Mohammad Moghaddam"}
{"date": "2016-06-14", "name": "Kenneth Pointer", "name_org": "Kenneth Pointer"}
{"date": "2016-06-14", "name": "Nicholas Ferro", "name_org": "Nicholas Ferro"}
{"date": "2016-06-14", "name": "Fernando LLanez", "name_org": "Fernando Geovanni LLanez"}
{"date": "2016-06-15", "name": "Russell Rosser", "name_org": "Russell Rosser"}
{"date": "2016-06-16", "name": "Ronald Delfino", "name_org": "Ronald Delfino"}
{"date": "2016-06-15", "name": "Michael Rasmussen", "name_org": "Michael Rasmussen"}
{"date": "2016-06-16", "name": "Peter Grandpre", "name_org": "Peter Grandpre"}
{"date": "2016-06-16", "name": "Nicholas Damon", "name_org": "Nicholas Damon"}
{"date": "2016-06-16", "name": "John Anderson", "name_org": "John Anderson"}
{"date": "2016-06-18", "name": "William Hennessey", "name_org": "William Hennessey"}
{"date": "2016-06-18", "name": "Sergey Makarenko", "name_org": "Sergey Makarenko"}
{"date": "2016-06-18", "name": "Antwun Shumpert", "name_org": "Antwun Shumpert"}
{"date": "2016-06-19", "name": "Rashaun Lloyd", "name_org": "Rashaun Lloyd"}
{"date": "2016-06-19", "name": "Anthony Ford", "name_org": "Anthony Ford"}
{"date": "2016-06-19", "name": "Clarence Howard", "name_org": "Clarence Howard"}
{"date": "2016-06-20", "name": "Raufeal Bostick", "name_org": "Raufeal Bostick"}
{"date": "2016-06-20", "name": "Devin Scott", "name_org": "Devin Scott"}
{"date": "2016-06-21", "name": "Lane Lesko", "name_org": "Lane Lesko"}
{"date": "2016-06-21", "name": "Pedro Cruz-Amado", "name_org": "Pedro Cruz-Amado"}
{"date": "2016-06-21", "name": "Jeffrey Hyde", "name_org": "Jeffrey Hyde"}
{"date": "2016-06-22", "name": "Isaiah Core", "name_org": "Isaiah Core III"}
{"date": "2016-06-22", "name": "Roger Ponce", "name_org": "Roger Ponce"}
{"date": "2016-06-22", "name": "Josiah Williams", "name_org": "Josiah Williams"}
{"date": "2016-06-23", "name": "Deravis Rogers", "name_org": "Deravis 'Caine' Rogers"}
{"date": "2016-06-23", "name": "Jay Anderson", "name_org": "Jay Anderson"}
{"date": "2016-06-22", "name": "Quencezola Splunge", "name_org": "Quencezola Splunge"}
{"date": "2016-06-22", "name": "Antonio Richardson", "name_org": "Antonio Richardson"}
{"date": "2016-06-22", "name": "Shaun Walke", "name_org": "Shaun Walke"}
{"date": "2016-06-23", "name": "Angelo Brown", "name_org": "Angelo Brown"}
{"date": "2016-06-24", "name": "Ismael Miranda", "name_org": "Ismael Miranda"}
{"date": "2016-06-24", "name": "Joshua Herrera", "name_org": "Joshua Herrera"}
{"date": "2016-06-25", "name": "Rodrigo Guardiola", "name_org": "Rodrigo Guardiola"}
{"date": "2016-06-25", "name": "Waldemar Bogusiewicz", "name_org": "Waldemar Bogusiewicz"}
{"date": "2016-06-25", "name": "Dylan Noble", "name_org": "Dylan Noble"}
{"date": "2016-06-24", "name": "Christy Sheats", "name_org": "Christy Sheats"}
{"date": "2016-06-24", "name": "Miguel Chavez-Angles", "name_org": "Miguel Chavez-Angles"}
{"date": "2016-06-24", "name": "Randy Blecher", "name_org": "Randy Blecher"}
{"date": "2016-06-26", "name": "Donte Johnson", "name_org": "Donte Johnson"}
{"date": "2016-06-26", "name": "Germichael Kennedy", "name_org": "Germichael Kennedy"}
{"date": "2016-06-26", "name": "Terry Maurer", "name_org": "Terry Maurer"}
{"date": "2016-06-26", "name": "Daniel Reyes", "name_org": "Daniel Reyes"}
{"date": "2016-06-27", "name": "Blake Peacock", "name_org": "Blake Peacock"}
{"date": "2016-06-27", "name": "Travis Vierra", "name_org": "Travis Vierra"}
{"date": "2016-06-27", "name": "Michael Disbrowe", "name_org": "Michael Disbrowe"}
{"date": "2016-06-27", "name": "Raymond Hutson", "name_org": "Raymond Hutson"}
{"date": "2016-06-27", "name": "Sherman Evans", "name_org": "Sherman Evans"}
{"date": "2016-06-28", "name": "Walden Dang", "name_org": "Walden Dang"}
{"date": "2016-06-28", "name": "Barry Prak", "name_org": "Barry Prak"}
{"date": "2016-06-29", "name": "Jessie Mills", "name_org": "Jessie Mills"}
{"date": "2016-06-29", "name": "Tyrone Reado", "name_org": "Tyrone Reado"}
{"date": "2016-06-30", "name": "Jasen Ramirez", "name_org": "Jasen Ramirez"}
{"date": "2016-06-30", "name": "Kawme Patrick", "name_org": "Kawme Patrick"}
{"date": "2016-06-30", "name": "Michael Schumacher", "name_org": "Michael Schumacher"}
{"date": "2016-06-30", "name": "Tristan Vilters", "name_org": "Tristan Vilters"}
{"date": "2016-07-01", "name": "Steven McQueen", "name_org": "Steven McQueen"}
{"date": "2016-07-01", "name": "Alexis Mishtowt", "name_org": "Alexis Mishtowt"}
{"date": "2016-07-01", "name": "Helmut Wihowski", "name_org": "Helmut Wihowski"}
{"date": "2016-07-02", "name": "Jonathan Justice", "name_org": "Jonathan Justice"}
{"date": "2016-07-02", "name": "Jai Williams", "name_org": "Jai Williams"}
{"date": "2016-06-29", "name": "Lafayette Evans", "name_org": "Lafayette Evans"}
{"date": "2016-06-10", "name": "Keith Bursey", "name_org": "Keith Bursey"}
{"date": "2016-06-03", "name": "Jamie Heart", "name_org": "Jamie Lee Brave Heart"}
{"date": "2016-05-20", "name": "Brian Steen", "name_org": "Brian Steen"}
{"date": "2016-05-13", "name": "Mylynda Martinez", "name_org": "Mylynda Martinez"}
{"date": "2016-05-13", "name": "Kimberly King", "name_org": "Kimberly King"}
{"date": "2016-04-27", "name": "David Anderson", "name_org": "David Anderson"}
{"date": "2016-07-03", "name": "Shannon Labit", "name_org": "Shannon Labit"}
{"date": "2016-07-03", "name": "Raul Saavedra-Vargas", "name_org": "Raul Saavedra-Vargas"}
{"date": "2016-07-03", "name": "Pedro Villanueva", "name_org": "Pedro Villanueva"}
{"date": "2016-07-04", "name": "Anthony Nunez", "name_org": "Anthony Nunez"}
{"date": "2016-07-04", "name": "Delrawn Small", "name_org": "Delrawn Small"}
{"date": "2016-07-04", "name": "Sidney Washington", "name_org": "Sidney Washington"}
{"date": "2016-07-05", "name": "Alton Sterling", "name_org": "Alton Sterling"}
{"date": "2016-07-04", "name": "William Patterson", "name_org": "William Patterson"}
{"date": "2016-07-05", "name": "Sam Newby", "name_org": "Sam Newby"}
{"date": "2016-07-06", "name": "Philando Castile", "name_org": "Philando Castile"}
{"date": "2016-07-05", "name": "Joshua Bolster", "name_org": "Joshua Bolster"}
{"date": "2016-07-05", "name": "Melissa Ventura", "name_org": "Melissa Ventura"}
{"date": "2016-07-06", "name": "Thomas Vandemark", "name_org": "Thomas Vandemark"}
{"date": "2016-07-06", "name": "Victor Sigala", "name_org": "Victor Sigala"}
{"date": "2016-07-07", "name": "Vinson Ramos", "name_org": "Vinson Ramos"}
{"date": "2016-07-07", "name": "Adam Smith", "name_org": "Adam Smith"}
{"date": "2016-07-07", "name": "Micah Johnson", "name_org": "Micah Johnson"}
{"date": "2016-07-07", "name": "Earnest Fells", "name_org": "Earnest Fells"}
{"date": "2016-07-09", "name": "Alva Braziel", "name_org": "Alva Braziel"}
{"date": "2016-07-08", "name": "Abraham Smith", "name_org": "Abraham Smith"}
{"date": "2016-07-09", "name": "Andre Johnson", "name_org": "Andre Johnson"}
{"date": "2016-07-09", "name": "Tyler Gebhard", "name_org": "Tyler Gebhard"}
{"date": "2016-07-11", "name": "Joseph Mann", "name_org": "Joseph Mann"}
{"date": "2016-07-11", "name": "Orville Edwards", "name_org": "Orville Edwards"}
{"date": "2016-07-11", "name": "Jason Brooks", "name_org": "Jason Brooks"}
{"date": "2016-07-11", "name": "Pablo Medina", "name_org": "Pablo Medina"}
{"date": "2016-07-11", "name": "Larry Gordon", "name_org": "Larry Gordon"}
{"date": "2016-07-02", "name": "Fermin Valenzuela", "name_org": "Fermin Valenzuela"}
{"date": "2016-02-15", "name": "Mary Pettiet", "name_org": "Mary Len\u00e1 Pettiet"}
{"date": "2016-06-19", "name": "Gary Porter", "name_org": "Gary Porter"}
{"date": "2016-07-12", "name": "Benjamin Zeckovic", "name_org": "Benjamin Zeckovic"}
{"date": "2016-07-12", "name": "Danny Cupps", "name_org": "Danny Cupps Jr"}
{"date": "2016-07-13", "name": "Donald Myers", "name_org": "Donald Myers"}
{"date": "2016-06-30", "name": "Roger Bales", "name_org": "Roger Bales"}
{"date": "2016-07-13", "name": "Richard Dinneny", "name_org": "Richard Dinneny"}
{"date": "2016-07-14", "name": "Dayten Harper", "name_org": "Dayten Harper"}
{"date": "2016-07-15", "name": "Bobby Horne", "name_org": "Bobby Horne"}
{"date": "2016-07-16", "name": "Billy Smith", "name_org": "Billy Smith"}
{"date": "2016-07-16", "name": "Cody Jarrett", "name_org": "Cody Jarrett"}
{"date": "2016-07-17", "name": "Jermaine Johnson", "name_org": "Jermaine Johnson"}
{"date": "2016-07-17", "name": "Kevin Higgins", "name_org": "Kevin Higgins"}
{"date": "2016-07-17", "name": "Michael Ramsey", "name_org": "Michael Ramsey Jr"}
{"date": "2016-07-17", "name": "Gavin Long", "name_org": "Gavin Long"}
{"date": "2016-07-17", "name": "Andrew Esquivel", "name_org": "Andrew Esquivel"}
{"date": "2016-07-16", "name": "Patrick Fennell", "name_org": "Patrick Fennell"}
{"date": "2016-07-18", "name": "Jerry Brimer", "name_org": "Jerry Brimer"}
{"date": "2016-07-17", "name": "Patrick O'Rourke", "name_org": "Patrick O'Rourke"}
{"date": "2016-07-20", "name": "Javier Gaona", "name_org": "Javier Gaona"}
{"date": "2016-07-21", "name": "BJ Medeiros", "name_org": "BJ Medeiros"}
{"date": "2016-07-21", "name": "Derek Love", "name_org": "Derek Love"}
{"date": "2016-07-21", "name": "Paul Yacabitis", "name_org": "Paul Yacabitis"}
{"date": "2016-07-23", "name": "Austin Howard", "name_org": "Austin Howard"}
{"date": "2016-07-23", "name": "Bernard Wells", "name_org": "Bernard Wells III"}
{"date": "2016-07-23", "name": "Steven Longoria", "name_org": "Steven Longoria"}
{"date": "2016-07-24", "name": "Robert Lourenco", "name_org": "Robert Lourenco Jr"}
{"date": "2016-07-24", "name": "Alvin Sylversmythe", "name_org": "Alvin Sylversmythe"}
{"date": "2016-06-26", "name": "Jamil Valladares", "name_org": "Jamil Valladares"}
{"date": "2016-07-25", "name": "Jeffrey Tyson", "name_org": "Jeffrey Tyson"}
{"date": "2016-07-25", "name": "Richard Risher", "name_org": "Richard Risher Jr"}
{"date": "2016-07-26", "name": "Scot Minard", "name_org": "Scot Minard"}
{"date": "2016-07-26", "name": "Juan Duran", "name_org": "Juan Duran"}
{"date": "2016-07-27", "name": "Devon Martes", "name_org": "Devon Martes"}
{"date": "2016-07-27", "name": "Dalvin Hollins", "name_org": "Dalvin Hollins"}
{"date": "2016-07-27", "name": "Ambrose Mecklenburg", "name_org": "Ambrose Mecklenburg"}
{"date": "2016-07-27", "name": "Michael Adams", "name_org": "Michael Adams"}
{"date": "2016-07-27", "name": "Dylan Liberti", "name_org": "Dylan Liberti"}
{"date": "2016-07-27", "name": "Saddam Trejeda-Campos", "name_org": "Saddam Trejeda-Campos"}
{"date": "2016-07-26", "name": "Humberto Martinez", "name_org": "Humberto Martinez"}
{"date": "2016-07-28", "name": "Jesus Rael", "name_org": "Jesus Rael"}
{"date": "2016-07-28", "name": "Paul O'Neal", "name_org": "Paul O'Neal"}
{"date": "2016-07-28", "name": "Jorge Moreno-Aguirre", "name_org": "Jorge Moreno-Aguirre"}
{"date": "2016-07-28", "name": "Donnell Thompson", "name_org": "Donnell Thompson Jr"}
{"date": "2016-07-28", "name": "Omar Gonzalez", "name_org": "Omar Gonzalez"}
{"date": "2016-07-28", "name": "Jeffrey Smith", "name_org": "Jeffrey Smith"}
{"date": "2016-07-29", "name": "Amanda Bivens", "name_org": "Amanda Bivens"}
{"date": "2016-07-29", "name": "Melvin Faison", "name_org": "Melvin Faison"}
{"date": "2016-07-31", "name": "Limichael Shine", "name_org": "Limichael Shine"}
{"date": "2016-07-31", "name": "John Casey", "name_org": "John Casey"}
{"date": "2016-07-31", "name": "Mario Torres", "name_org": "Mario Torres"}
{"date": "2016-08-01", "name": "Bryan Byrd", "name_org": "Bryan Byrd"}
{"date": "2016-08-01", "name": "Kenneth Bonanno", "name_org": "Kenneth Bonanno"}
{"date": "2016-08-01", "name": "Korryn Gaines", "name_org": "Korryn Gaines"}
{"date": "2016-08-02", "name": "Richard London", "name_org": "Richard London"}
{"date": "2016-04-03", "name": "Preston Perez", "name_org": "Preston Perez"}
{"date": "2016-08-02", "name": "Matthew Conrad", "name_org": "Matthew Conrad"}
{"date": "2016-08-02", "name": "Adam Klimek", "name_org": "Adam Klimek"}
{"date": "2016-08-02", "name": "Demarco Newman", "name_org": "Demarco Newman"}
{"date": "2016-08-02", "name": "William Bowers", "name_org": "William Bowers"}
{"date": "2016-08-03", "name": "Benjamin Heaton", "name_org": "Benjamin Heaton"}
{"date": "2016-08-03", "name": "Bradley Carey", "name_org": "Bradley Carey"}
{"date": "2016-08-04", "name": "E.J. Walters", "name_org": "E.J. Walters Jr"}
{"date": "2016-08-05", "name": "Johannes Wood", "name_org": "Johannes Wood"}
{"date": "2016-08-05", "name": "Jamarion Robinson", "name_org": "Jamarion Robinson"}
{"date": "2016-08-05", "name": "James Quealy", "name_org": "James Quealy"}
{"date": "2016-08-07", "name": "Jawari Porter", "name_org": "Jawari Porter"}
{"date": "2016-08-07", "name": "Earl Pinckney", "name_org": "Earl 'Shaleek' Pinckney"}
{"date": "2016-08-08", "name": "Darnell Wicker", "name_org": "Darnell Wicker"}
{"date": "2016-08-08", "name": "Juan Godines", "name_org": "Juan Godines"}
{"date": "2016-08-08", "name": "Michael McClurg", "name_org": "Michael McClurg"}
{"date": "2016-08-09", "name": "Ronald Smith", "name_org": "Ronald Smith"}
{"date": "2016-08-09", "name": "Mary Knowlton", "name_org": "Mary Knowlton"}
{"date": "2016-08-09", "name": "Jesse Romero", "name_org": "Jesse Romero"}
{"date": "2016-08-09", "name": "Jeffrey Morris", "name_org": "Jeffrey 'Allen' Morris"}
{"date": "2016-08-04", "name": "Marcus Sexton", "name_org": "Marcus Sexton"}
{"date": "2016-08-05", "name": "Ronald Robbibaro", "name_org": "Ronald Robbibaro"}
{"date": "2016-07-25", "name": "Anthony Edwards", "name_org": "Anthony Edwards"}
{"date": "2016-08-11", "name": "Jeff Martelli", "name_org": "Jeff Martelli"}
{"date": "2016-08-11", "name": "Mark Sawaf", "name_org": "Mark Sawaf"}
{"date": "2016-08-12", "name": "Jesus Carillo", "name_org": "Jesus Carillo"}
{"date": "2016-08-12", "name": "Dominic Rollice", "name_org": "Dominic Rollice"}
{"date": "2016-08-13", "name": "Ruben Strand", "name_org": "Ruben Strand"}
{"date": "2016-08-13", "name": "Sylville Smith", "name_org": "Sylville Smith"}
{"date": "2016-08-13", "name": "Perry Heitman", "name_org": "Perry Heitman"}
{"date": "2016-08-13", "name": "Kendrick Brown", "name_org": "Kendrick Brown"}
{"date": "2016-08-09", "name": "Fred Barlow", "name_org": "Fred Barlow"}
{"date": "2016-08-11", "name": "Sergio Weick", "name_org": "Sergio Weick"}
{"date": "2016-08-15", "name": "Jovany Martinez", "name_org": "Jovany Martinez"}
{"date": "2016-08-15", "name": "Danny Pirtle", "name_org": "Danny Pirtle"}
{"date": "2016-08-16", "name": "Michael Martin", "name_org": "Michael Martin"}
{"date": "2016-08-16", "name": "Carl Nivins", "name_org": "Carl Nivins"}
{"date": "2016-08-16", "name": "Kenney Watkins", "name_org": "Kenney Watkins"}
{"date": "2016-08-16", "name": "Colby Friday", "name_org": "Colby Friday"}
{"date": "2016-08-16", "name": "Larry Kurtley", "name_org": "Larry Kurtley Jr"}
{"date": "2016-08-16", "name": "John O'Handley", "name_org": "John O'Handley"}
{"date": "2016-08-17", "name": "Omer Ali", "name_org": "Omer Ismail Ali"}
{"date": "2016-08-16", "name": "Marcos Gastelum", "name_org": "Marcos Gastelum"}
{"date": "2016-08-18", "name": "Francisco Villarreal", "name_org": "Francisco Villarreal"}
{"date": "2016-08-08", "name": "James Jennings", "name_org": "James Jennings Jr"}
{"date": "2016-08-18", "name": "David Fulton", "name_org": "David Fulton"}
{"date": "2016-08-18", "name": "Joseph Weber", "name_org": "Joseph Weber"}
{"date": "2016-08-18", "name": "Chad Irwin", "name_org": "Chad Irwin"}
{"date": "2016-08-19", "name": "Jorge Ceniceros", "name_org": "Jorge Ceniceros"}
{"date": "2016-08-19", "name": "Marcelo Luna", "name_org": "Marcelo Luna"}
{"date": "2016-08-13", "name": "Eric Soto", "name_org": "Eric Soto"}
{"date": "2016-08-18", "name": "Trenton Lohman", "name_org": "Trenton Lohman"}
{"date": "2016-08-19", "name": "Kole Knight", "name_org": "Kole Knight"}
{"date": "2016-08-19", "name": "Kyle Zimbelman", "name_org": "Kyle Zimbelman"}
{"date": "2016-08-19", "name": "David Klassen", "name_org": "David Klassen"}
{"date": "2016-08-19", "name": "Todd Browning", "name_org": "Todd Browning"}
{"date": "2016-08-21", "name": "Brandon Coles", "name_org": "Brandon Coles"}
{"date": "2016-08-21", "name": "Pedro Montanez", "name_org": "Pedro Montanez"}
{"date": "2016-08-18", "name": "Daniel Harris", "name_org": "Daniel Harris"}
{"date": "2016-08-21", "name": "Juan Torres", "name_org": "Juan Torres"}
{"date": "2016-08-22", "name": "Kelley Forte", "name_org": "Kelley Forte"}
{"date": "2016-08-18", "name": "Silivenusi Ravono", "name_org": "Silivenusi Ravono"}
{"date": "2016-08-12", "name": "Mistie Reynolds", "name_org": "Mistie Reynolds"}
{"date": "2016-08-24", "name": "Elias Portillo", "name_org": "Elias Portillo"}
{"date": "2016-08-24", "name": "William Charbonneau", "name_org": "William Charbonneau"}
{"date": "2016-08-24", "name": "Jeffrey Hosea", "name_org": "Jeffrey Hosea"}
{"date": "2016-08-25", "name": "Jerry Jackson", "name_org": "Jerry Jackson"}
{"date": "2016-08-25", "name": "Donta Taylor", "name_org": "Donta Taylor"}
{"date": "2016-08-25", "name": "David Coborubio", "name_org": "David Coborubio"}
{"date": "2016-08-27", "name": "Angel Torres", "name_org": "Angel Torres Jr"}
{"date": "2016-08-27", "name": "Terry Salazar", "name_org": "Terry Salazar"}
{"date": "2016-08-26", "name": "Matthew Gibbon", "name_org": "Matthew Gibbon"}
{"date": "2016-08-27", "name": "Darrel Hetrick", "name_org": "Darrel Hetrick"}
{"date": "2016-08-28", "name": "Justin Kulhanek-Derks", "name_org": "Justin Kulhanek-Derks"}
{"date": "2016-08-29", "name": "Jaqwan Terry", "name_org": "Jaqwan Terry"}
{"date": "2016-08-29", "name": "Michael Peacor", "name_org": "Michael Peacor"}
{"date": "2016-08-27", "name": "Alfred Toe", "name_org": "Alfred Toe"}
{"date": "2016-08-25", "name": "Michael Gaskill", "name_org": "Michael Gaskill"}
{"date": "2016-08-29", "name": "Paula Phillips", "name_org": "Paula Phillips"}
{"date": "2016-08-30", "name": "Justin Baker", "name_org": "Justin Baker"}
{"date": "2016-08-30", "name": "Levonia Riggins", "name_org": "Levonia Riggins"}
{"date": "2016-08-30", "name": "Lyle Blanchard", "name_org": "Lyle Blanchard"}
{"date": "2016-08-30", "name": "James Richards", "name_org": "James Richards"}
{"date": "2016-08-30", "name": "Gregory Mathis", "name_org": "Gregory Mathis"}
{"date": "2016-08-31", "name": "Michael Ferguson", "name_org": "Michael Ferguson"}
{"date": "2016-09-01", "name": "Ed Holup", "name_org": "Ed Holup"}
{"date": "2016-08-05", "name": "David Moya", "name_org": "David Moya"}
{"date": "2016-08-08", "name": "James Burgess", "name_org": "James Burgess"}
{"date": "2016-08-24", "name": "Bobby Buck", "name_org": "Bobby Buck"}
{"date": "2016-07-20", "name": "James Stuart", "name_org": "James Stuart"}
{"date": "2016-07-24", "name": "Kaylee Sawyer", "name_org": "Kaylee Sawyer"}
{"date": "2016-08-01", "name": "La Cruz", "name_org": "Manuel De La Cruz"}
{"date": "2016-09-01", "name": "Caleb Douglas", "name_org": "Caleb Douglas"}
{"date": "2016-09-01", "name": "Joshua Quintero", "name_org": "Joshua Quintero"}
{"date": "2016-08-01", "name": "Richard Swihart", "name_org": "Richard Swihart"}
{"date": "2016-09-02", "name": "Joseph Moreno", "name_org": "Joseph Moreno"}
{"date": "2016-09-02", "name": "Randall Rodick", "name_org": "Randall Rodick"}
{"date": "2016-09-02", "name": "Michael Thompson", "name_org": "Michael Thompson Jr"}
{"date": "2016-09-02", "name": "Michael Musson", "name_org": "Michael Musson"}
{"date": "2016-09-03", "name": "Donny Daugherty", "name_org": "Donny Daugherty"}
{"date": "2016-09-03", "name": "Cameron Ayers", "name_org": "Cameron Ayers"}
{"date": "2016-09-03", "name": "Jerome Damon", "name_org": "Jerome Damon"}
{"date": "2016-09-03", "name": "Jeremiah Ramirez", "name_org": "Jeremiah Ramirez"}
{"date": "2016-09-04", "name": "Simon Gomez", "name_org": "Simon Gomez"}
{"date": "2016-09-04", "name": "Jose Romero", "name_org": "Jose Romero"}
{"date": "2016-09-05", "name": "Cesar Garcia", "name_org": "Cesar Garcia"}
{"date": "2016-09-05", "name": "Moses Ruben", "name_org": "Moses Ruben"}
{"date": "2016-09-06", "name": "Steven Del Rio", "name_org": "Steven Del Rio"}
{"date": "2016-09-06", "name": "David Anderson", "name_org": "David Anderson"}
{"date": "2016-09-06", "name": "Bernard Cottrell", "name_org": "Bernard Cottrell"}
{"date": "2016-09-06", "name": "Larry Whitehead", "name_org": "Larry Whitehead"}
{"date": "2016-09-06", "name": "Dylan Papa", "name_org": "Dylan Papa"}
{"date": "2016-09-07", "name": "Jesse Joynt", "name_org": "Jesse Joynt"}
{"date": "2016-09-07", "name": "Robert Brown", "name_org": "Robert Brown"}
{"date": "2016-08-31", "name": "Thomas Sekscinski", "name_org": "Thomas Sekscinski"}
{"date": "2016-09-07", "name": "Sadiq Idris", "name_org": "Sadiq Idris"}
{"date": "2016-09-07", "name": "Francis Perry", "name_org": "Francis Perry"}
{"date": "2016-09-08", "name": "Jose Torres", "name_org": "Jose Torres"}
{"date": "2016-09-08", "name": "Ricardo Tenorio", "name_org": "Ricardo Tenorio"}
{"date": "2016-09-09", "name": "Travis Ell", "name_org": "Travis Ell"}
{"date": "2016-09-09", "name": "Gregory Frazier", "name_org": "Gregory Frazier"}
{"date": "2016-09-10", "name": "Dennis Stanley", "name_org": "Dennis Stanley"}
{"date": "2016-09-11", "name": "Terrence Sterling", "name_org": "Terrence Sterling"}
{"date": "2016-09-12", "name": "Markell Bivins", "name_org": "Markell Bivins"}
{"date": "2016-09-12", "name": "Eugene Craig", "name_org": "Eugene Craig"}
{"date": "2016-09-12", "name": "Christian Vargas", "name_org": "Christian Vargas"}
{"date": "2016-09-14", "name": "Tyre King", "name_org": "Tyre King"}
{"date": "2016-09-15", "name": "Morgan Crocker", "name_org": "Morgan Crocker"}
{"date": "2016-09-15", "name": "Robert Carrillo", "name_org": "Robert Carrillo"}
{"date": "2016-04-24", "name": "Terrill Thomas", "name_org": "Terrill Thomas"}
{"date": "2016-05-11", "name": "Cody Franklin", "name_org": "Cody Franklin"}
{"date": "2016-04-21", "name": "Nikki Bascom", "name_org": "Nikki Bascom"}
{"date": "2016-09-07", "name": "Donald Degraw", "name_org": "Donald Degraw"}
{"date": "2016-09-13", "name": "Timothy McMillan", "name_org": "Timothy McMillan"}
{"date": "2016-03-23", "name": "Dustin Jones", "name_org": "Dustin Jones"}
{"date": "2016-09-15", "name": "Joseph Schlosser", "name_org": "Joseph Schlosser"}
{"date": "2016-09-16", "name": "Thomas Mone", "name_org": "Thomas Mone III"}
{"date": "2016-09-16", "name": "Jesse Beshaw", "name_org": "Jesse Beshaw"}
{"date": "2016-09-16", "name": "Nicholas Glenn", "name_org": "Nicholas Glenn"}
{"date": "2016-09-16", "name": "Terence Crutcher", "name_org": "Terence Crutcher"}
{"date": "2016-09-17", "name": "Robert Young", "name_org": "Robert Young"}
{"date": "2016-09-17", "name": "William Ryan", "name_org": "William Ryan"}
{"date": "2016-09-16", "name": "Lucas Anderson", "name_org": "Lucas Anderson"}
{"date": "2016-09-17", "name": "Robert Duh", "name_org": "Robert Duh"}
{"date": "2016-09-17", "name": "Dahir Adan", "name_org": "Dahir Adan"}
{"date": "2016-09-10", "name": "Adrian Shaffer", "name_org": "Adrian Shaffer"}
{"date": "2016-09-18", "name": "Philip Hasan", "name_org": "Philip Hasan"}
{"date": "2016-08-11", "name": "Tommy Seneca", "name_org": "Tommy Seneca"}
{"date": "2016-09-19", "name": "Jeremy Swenson", "name_org": "Jeremy Swenson"}
{"date": "2016-09-19", "name": "Michelle Miller", "name_org": "Michelle Miller"}
{"date": "2016-09-20", "name": "Joshua Scott", "name_org": "Joshua Scott"}
{"date": "2016-09-20", "name": "Charles Dove", "name_org": "Charles Dove"}
{"date": "2016-09-20", "name": "Michael Goodale", "name_org": "Michael Goodale"}
{"date": "2016-09-20", "name": "Keith Scott", "name_org": "Keith Scott"}
{"date": "2016-09-20", "name": "Sandy Duke", "name_org": "Sandy Duke"}
{"date": "2016-09-20", "name": "Thomas Tucker", "name_org": "Thomas Tucker Jr"}
{"date": "2016-09-21", "name": "Austin Baier", "name_org": "Austin Baier"}
{"date": "2016-09-23", "name": "Jesse Attaway", "name_org": "Jesse Attaway"}
{"date": "2016-09-23", "name": "Oddis Colvin", "name_org": "Oddis Colvin Jr"}
{"date": "2016-09-23", "name": "Christopher Contreras", "name_org": "Christopher Contreras"}
{"date": "2016-09-25", "name": "Cody Lafont", "name_org": "Cody Lafont"}
{"date": "2016-09-26", "name": "Leeland White", "name_org": "Leeland White"}
{"date": "2016-09-26", "name": "Anthony Bauer", "name_org": "Anthony Bauer"}
{"date": "2016-09-26", "name": "Nathan DeSai", "name_org": "Nathan DeSai"}
{"date": "2016-09-26", "name": "Jamie Lewis", "name_org": "Jamie Lewis"}
{"date": "2016-09-17", "name": "Tawon Boyd", "name_org": "Tawon Boyd"}
{"date": "2016-09-27", "name": "Alfred Olango", "name_org": "Alfred Olango"}
{"date": "2016-09-20", "name": "Gary Lafon", "name_org": "Gary Lafon"}
{"date": "2016-09-28", "name": "Christopher Sowell", "name_org": "Christopher Sowell"}
{"date": "2016-09-28", "name": "Johnathan Lozano-Murillo", "name_org": "Johnathan Lozano-Murillo"}
{"date": "2016-09-29", "name": "Jeffrey Cave", "name_org": "Jeffrey Cave"}
{"date": "2016-09-30", "name": "Jacquarius Robinson", "name_org": "Jacquarius Robinson"}
{"date": "2016-09-30", "name": "Najier Salaam", "name_org": "Najier Salaam"}
{"date": "2016-09-30", "name": "George Richards-Meyers", "name_org": "George Richards-Meyers"}
{"date": "2016-09-30", "name": "Richard Parent", "name_org": "Richard Parent"}
{"date": "2016-09-30", "name": "Douglas Rainey", "name_org": "Douglas Rainey"}
{"date": "2016-09-30", "name": "Clayton Baker", "name_org": "Clayton Baker"}
{"date": "2016-10-01", "name": "Joshua Perry", "name_org": "Joshua Perry"}
{"date": "2016-10-01", "name": "Carnell Snell", "name_org": "Carnell Snell Jr"}
{"date": "2016-10-02", "name": "Donte Jones", "name_org": "Donte Jones"}
{"date": "2016-10-02", "name": "Daniel Perez", "name_org": "Daniel Perez"}
{"date": "2016-10-03", "name": "Robert Dapkus", "name_org": "Robert Dapkus"}
{"date": "2016-10-03", "name": "John Fetter", "name_org": "John Fetter"}
{"date": "2016-10-04", "name": "Isaias Salgado", "name_org": "Isaias Salgado"}
{"date": "2016-10-04", "name": "Zachary Sutton", "name_org": "Zachary Sutton"}
{"date": "2016-10-05", "name": "Brandon Simmons", "name_org": "Brandon Simmons"}
{"date": "2016-10-04", "name": "Dean Bruning", "name_org": "Dean Bruning"}
{"date": "2016-09-27", "name": "John Carpentier", "name_org": "John Carpentier"}
{"date": "2016-10-05", "name": "Lucas Felkel", "name_org": "Lucas Felkel"}
{"date": "2016-09-30", "name": "Reginald Thomas", "name_org": "Reginald Thomas"}
{"date": "2016-10-02", "name": "Sadine Dixon", "name_org": "Sadine Dixon"}
{"date": "2016-10-02", "name": "Jose Viloria", "name_org": "Jose Viloria"}
{"date": "2016-10-07", "name": "Joseph Schroeder", "name_org": "Joseph Schroeder"}
{"date": "2016-10-07", "name": "Larry Matthews", "name_org": "Larry Matthews"}
{"date": "2016-10-07", "name": "Christopher Shackleford", "name_org": "Christopher Shackleford"}
{"date": "2016-10-08", "name": "Kim Jackson", "name_org": "Kim Jackson"}
{"date": "2016-10-08", "name": "Dylan Rogers", "name_org": "Dylan Rogers"}
{"date": "2016-10-08", "name": "Ricardo Hernandez", "name_org": "Ricardo Hernandez"}
{"date": "2016-10-08", "name": "Charles Antrup", "name_org": "Charles Antrup"}
{"date": "2016-10-09", "name": "Deric Brown", "name_org": "Deric Brown"}
{"date": "2016-10-10", "name": "Devan Desnoyers", "name_org": "Devan Desnoyers"}
{"date": "2016-10-10", "name": "Kheyanev Littledog", "name_org": "Kheyanev Littledog"}
{"date": "2016-10-07", "name": "Thomas Burns", "name_org": "Thomas Burns"}
{"date": "2016-10-10", "name": "Mauricio Barron", "name_org": "Mauricio Barron"}
{"date": "2016-10-10", "name": "Dennis Hunt", "name_org": "Dennis Hunt"}
{"date": "2016-10-11", "name": "Michael Taylor", "name_org": "Michael Taylor"}
{"date": "2016-10-11", "name": "Dominick Musulman", "name_org": "Dominick Musulman"}
{"date": "2016-10-10", "name": "Luis Hoff", "name_org": "Luis Hoff"}
{"date": "2016-10-12", "name": "Blaine Beason", "name_org": "Blaine Beason"}
{"date": "2016-10-12", "name": "Kirk Figueroa", "name_org": "Kirk Figueroa"}
{"date": "2016-10-12", "name": "Matthew Brewer", "name_org": "Matthew Brewer"}
{"date": "2016-10-12", "name": "Rex Wilson", "name_org": "Rex Wilson"}
{"date": "2016-10-13", "name": "Shawn Pappe", "name_org": "Shawn Pappe"}
{"date": "2016-10-12", "name": "Patrick Reddeck", "name_org": "Patrick Reddeck"}
{"date": "2016-10-14", "name": "Chaz York", "name_org": "Chaz York"}
{"date": "2016-10-16", "name": "Sean Arlt", "name_org": "Sean Arlt"}
{"date": "2016-10-14", "name": "George Zapata", "name_org": "George Zapata"}
{"date": "2016-10-15", "name": "Daniel Murphy", "name_org": "Daniel Murphy"}
{"date": "2016-10-16", "name": "Micah Jester", "name_org": "Micah Jester"}
{"date": "2016-10-14", "name": "Nicholas McWherter", "name_org": "Nicholas McWherter"}
{"date": "2016-10-16", "name": "Eric Germain", "name_org": "Eric St Germain"}
{"date": "2016-10-17", "name": "Rolando Delgado", "name_org": "Rolando Delgado"}
{"date": "2016-10-18", "name": "Darius Wimberly", "name_org": "Darius Wimberly"}
{"date": "2016-10-17", "name": "Keagan Schweikle", "name_org": "Keagan Schweikle"}
{"date": "2016-10-18", "name": "Salvador Reyes", "name_org": "Salvador Reyes"}
{"date": "2016-10-18", "name": "Deborah Danner", "name_org": "Deborah Danner"}
{"date": "2016-10-18", "name": "Charles Stidham", "name_org": "Charles Stidham"}
{"date": "2016-10-19", "name": "Anthony Garcia", "name_org": "Anthony Garcia"}
{"date": "2016-10-19", "name": "Frank Sandor", "name_org": "Frank Sandor"}
{"date": "2016-10-20", "name": "Jacob DePetris", "name_org": "Jacob DePetris"}
{"date": "2016-10-06", "name": "Ricky Hall", "name_org": "Ricky Hall"}
{"date": "2016-10-19", "name": "Javier Munoz", "name_org": "Javier Munoz"}
{"date": "2016-10-21", "name": "William Frost", "name_org": "William Frost Jr"}
{"date": "2016-10-21", "name": "Renee Davis", "name_org": "Renee Davis"}
{"date": "2016-10-22", "name": "Junef Monzon", "name_org": "Junef Monzon"}
{"date": "2016-10-22", "name": "Nathaniel Dorough", "name_org": "Nathaniel Dorough"}
{"date": "2016-10-23", "name": "Kenny Tomblin", "name_org": "Kenny Tomblin"}
{"date": "2016-10-23", "name": "Demetrius Moore", "name_org": "Demetrius Moore"}
{"date": "2016-10-24", "name": "Kristofer Youngquist", "name_org": "Kristofer Youngquist"}
{"date": "2016-10-24", "name": "Aaron Ballard", "name_org": "Aaron Ballard"}
{"date": "2016-10-25", "name": "Roy Richards", "name_org": "Roy Richards"}
{"date": "2016-10-25", "name": "Brandon Jones", "name_org": "Brandon Jones"}
{"date": "2016-10-25", "name": "Chelsea Porter", "name_org": "Chelsea Porter"}
{"date": "2016-10-25", "name": "Brandon Millard", "name_org": "Brandon Millard"}
{"date": "2016-10-26", "name": "Malcolm Hickson", "name_org": "Malcolm Hickson"}
{"date": "2016-10-26", "name": "William Cole", "name_org": "William Cole"}
{"date": "2016-10-27", "name": "Kyle Killough", "name_org": "Kyle Killough"}
{"date": "2016-10-27", "name": "Thad Hale", "name_org": "Thad Hale"}
{"date": "2016-10-27", "name": "Edwin Maldonado", "name_org": "Edwin Maldonado"}
{"date": "2016-10-28", "name": "Jason King", "name_org": "Jason King"}
{"date": "2016-10-28", "name": "Jay Holmgren", "name_org": "Jay Holmgren"}
{"date": "2016-10-29", "name": "Kenneth Kennedy", "name_org": "Kenneth Kennedy"}
{"date": "2016-10-28", "name": "Jun Wang", "name_org": "Jun Wang"}
{"date": "2016-10-30", "name": "Terrence Coleman", "name_org": "Terrence Coleman"}
{"date": "2016-10-30", "name": "Jordan Gonzales", "name_org": "Jordan Gonzales"}
{"date": "2016-10-30", "name": "Michael Vance", "name_org": "Michael Vance Jr"}
{"date": "2016-10-31", "name": "Jose Cueva", "name_org": "Jose Cueva"}
{"date": "2016-10-31", "name": "Michelle Shirley", "name_org": "Michelle Shirley"}
{"date": "2016-10-31", "name": "Rod Lucas", "name_org": "Rod Lucas"}
{"date": "2016-11-01", "name": "Henry Simpson", "name_org": "Henry Simpson"}
{"date": "2016-11-02", "name": "Jesse Taylor", "name_org": "Jesse Taylor"}
{"date": "2016-11-03", "name": "Ferguson Laurent", "name_org": "Ferguson Laurent"}
{"date": "2016-11-03", "name": "Dennis Kirk", "name_org": "Dennis Kirk"}
{"date": "2016-11-03", "name": "Rita King", "name_org": "Rita King"}
{"date": "2016-11-04", "name": "Manuel Rosales", "name_org": "Manuel Rosales"}
{"date": "2016-11-04", "name": "Abraham Ortiz", "name_org": "Abraham Ortiz"}
{"date": "2016-11-04", "name": "Edward Hills", "name_org": "Edward Hills"}
{"date": "2016-11-05", "name": "Patrick Wise", "name_org": "Patrick Wise"}
{"date": "2016-11-05", "name": "James Coale", "name_org": "James Coale"}
{"date": "2016-11-05", "name": "Joshua Beal", "name_org": "Joshua Beal"}
{"date": "2016-11-05", "name": "John Zemola", "name_org": "John Zemola"}
{"date": "2016-11-05", "name": "Russell Elswick", "name_org": "Russell Elswick"}
{"date": "2016-11-06", "name": "Randy Clark", "name_org": "Randy Clark Jr"}
{"date": "2016-11-06", "name": "Christian Redwine", "name_org": "Christian Redwine"}
{"date": "2016-11-06", "name": "Jimmy Testa", "name_org": "Jimmy Testa"}
{"date": "2016-11-06", "name": "Joel Keenan", "name_org": "Joel Keenan"}
{"date": "2016-11-06", "name": "David Contreras", "name_org": "David Contreras Jr"}
{"date": "2016-11-06", "name": "Joseph Newcomb", "name_org": "Joseph Newcomb"}
{"date": "2016-11-07", "name": "Darryl Chisholm", "name_org": "Darryl Chisholm"}
{"date": "2016-11-08", "name": "Kenton Kobza", "name_org": "Kenton Kobza"}
{"date": "2016-11-08", "name": "Juan Ramos", "name_org": "Juan Ramos"}
{"date": "2016-11-08", "name": "Carlos Mendez", "name_org": "Carlos Mendez"}
{"date": "2016-11-08", "name": "Evan Cox", "name_org": "Evan Cox"}
{"date": "2016-11-09", "name": "Daniel Erickson", "name_org": "Daniel Erickson"}
{"date": "2016-11-10", "name": "George Delacruz", "name_org": "George Delacruz Jr"}
{"date": "2016-11-11", "name": "Brian Gaither", "name_org": "Brian Gaither"}
{"date": "2016-11-11", "name": "Andrew Depeiza", "name_org": "Andrew Depeiza"}
{"date": "2016-11-10", "name": "John Pacuicrk", "name_org": "John Pacuicrk"}
{"date": "2016-11-11", "name": "William Score", "name_org": "William Score Jr"}
{"date": "2016-11-12", "name": "James Ritchie", "name_org": "James Ritchie"}
{"date": "2016-11-13", "name": "Daniel Laguna", "name_org": "Daniel Laguna"}
{"date": "2016-11-12", "name": "Richard Herrera", "name_org": "Richard Herrera Jr"}
{"date": "2016-11-13", "name": "Juan Fernandez", "name_org": "Juan Fernandez"}
{"date": "2016-11-13", "name": "Michael Sawyer", "name_org": "Michael Sawyer"}
{"date": "2016-11-15", "name": "Michael Cookson", "name_org": "Michael Cookson"}
{"date": "2016-11-15", "name": "Rasheem Singletary", "name_org": "Rasheem Singletary"}
{"date": "2016-11-15", "name": "Robert Daffern", "name_org": "Robert Daffern"}
{"date": "2016-11-16", "name": "Jose Franco", "name_org": "Jose Franco"}
{"date": "2016-11-16", "name": "Edmund Leighty", "name_org": "Edmund Leighty Sr"}
{"date": "2016-11-13", "name": "Jonathan Young", "name_org": "Jonathan Young"}
{"date": "2016-11-18", "name": "Joseph Fletcher", "name_org": "Joseph Fletcher"}
{"date": "2016-11-18", "name": "Dontrell Carter", "name_org": "Dontrell Carter"}
{"date": "2016-11-18", "name": "Samson Fleurant", "name_org": "Samson Fleurant"}
{"date": "2016-11-18", "name": "Gabriel Parker", "name_org": "Gabriel Parker"}
{"date": "2016-11-19", "name": "Darius Jones", "name_org": "Darius Jones"}
{"date": "2016-11-19", "name": "Steve Vananda", "name_org": "Steve Vananda"}
{"date": "2016-11-19", "name": "Luke Smith", "name_org": "Luke Smith"}
{"date": "2016-11-19", "name": "Erickson Brito", "name_org": "Erickson Brito"}
{"date": "2016-11-19", "name": "Adalid Flores", "name_org": "Adalid Flores"}
{"date": "2016-11-21", "name": "George Bush", "name_org": "George Bush III"}
{"date": "2016-11-21", "name": "Michael Giles", "name_org": "Michael Giles"}
{"date": "2016-11-22", "name": "Ivory Pantallion", "name_org": "Ivory Pantallion III"}
{"date": "2016-11-22", "name": "Mark Sly", "name_org": "Mark Sly"}
{"date": "2016-11-22", "name": "Frank Clark", "name_org": "Frank Clark"}
{"date": "2016-11-22", "name": "Talif Scudder", "name_org": "Talif Scudder"}
{"date": "2016-11-11", "name": "Rebecka Pearce", "name_org": "Rebecka Pearce"}
{"date": "2016-11-11", "name": "Marco Romero", "name_org": "Marco Romero"}
{"date": "2016-11-23", "name": "William Beavers", "name_org": "William Beavers"}
{"date": "2016-11-23", "name": "David Thelen", "name_org": "David Thelen"}
{"date": "2016-11-23", "name": "Kajuan Raye", "name_org": "Kajuan Raye"}
{"date": "2016-11-24", "name": "Don White", "name_org": "Don White"}
{"date": "2016-11-25", "name": "Cloetha Mitchell", "name_org": "Cloetha Mitchell"}
{"date": "2016-11-25", "name": "Carlos Valencia", "name_org": "Carlos Valencia"}
{"date": "2016-11-25", "name": "Jerome Harmon", "name_org": "Jerome Harmon"}
{"date": "2016-11-26", "name": "Derek Adame", "name_org": "Derek Adame"}
{"date": "2016-11-27", "name": "Norman Strobel", "name_org": "Norman Strobel"}
{"date": "2016-11-27", "name": "Terrell Walker", "name_org": "Terrell Walker"}
{"date": "2016-11-27", "name": "Walter Echols", "name_org": "Walter Echols"}
{"date": "2016-11-27", "name": "Richard Grimes", "name_org": "Richard Grimes"}
{"date": "2016-11-28", "name": "Abdul Artan", "name_org": "Abdul Artan"}
{"date": "2016-11-28", "name": "Pablo Cartagena", "name_org": "Pablo Cartagena"}
{"date": "2016-11-28", "name": "Irecas Valentine", "name_org": "Irecas Valentine"}
{"date": "2016-10-04", "name": "Thomas Binkley", "name_org": "Thomas Binkley"}
{"date": "2016-10-15", "name": "Kristofer Talancon", "name_org": "Kristofer Talancon"}
{"date": "2016-10-24", "name": "Garrett Schmidt", "name_org": "Garrett Schmidt"}
{"date": "2016-11-01", "name": "Keenan Bradley", "name_org": "Keenan Bradley"}
{"date": "2016-11-02", "name": "Wilton Henry", "name_org": "Wilton Henry"}
{"date": "2016-11-02", "name": "Ariel Galarza", "name_org": "Ariel Galarza"}
{"date": "2016-11-08", "name": "Ritchie Harbison", "name_org": "Ritchie Harbison"}
{"date": "2016-11-29", "name": "Michael McInnis", "name_org": "Michael McInnis"}
{"date": "2016-11-29", "name": "Alexander Partain", "name_org": "Alexander Partain"}
{"date": "2016-11-29", "name": "Bradley King", "name_org": "Bradley King"}
{"date": "2016-11-29", "name": "Toby Cummins", "name_org": "Toby Cummins"}
{"date": "2016-11-30", "name": "David Crosby-Dowdy", "name_org": "David Crosby-Dowdy"}
{"date": "2016-12-01", "name": "Bruce Johnson", "name_org": "Bruce Johnson II"}
{"date": "2016-12-01", "name": "Jose Gomez", "name_org": "Jose Gomez"}
{"date": "2016-12-01", "name": "Quinton Phillips", "name_org": "Quinton Phillips"}
{"date": "2016-12-02", "name": "Dylan Dalzell", "name_org": "Dylan Dalzell"}
{"date": "2016-12-02", "name": "Derek Scott", "name_org": "Derek Scott"}
{"date": "2016-07-13", "name": "DeAngelo Webb", "name_org": "DeAngelo Webb"}
{"date": "2016-12-02", "name": "Josh Dunne", "name_org": "Josh Dunne"}
{"date": "2016-12-03", "name": "Isreal Flores", "name_org": "Isreal Flores"}
{"date": "2016-12-04", "name": "Norman Gary", "name_org": "Norman Gary"}
{"date": "2016-12-04", "name": "Saif Alameri", "name_org": "Saif Alameri"}
{"date": "2016-12-06", "name": "Westley Daum", "name_org": "Westley Daum"}
{"date": "2016-12-06", "name": "Steven Liffel", "name_org": "Steven Liffel"}
{"date": "2016-12-06", "name": "Richard Jones", "name_org": "Richard Jones"}
{"date": "2016-12-06", "name": "Wayne Dorsey", "name_org": "Wayne Dorsey"}
{"date": "2016-10-07", "name": "Eddie Collins", "name_org": "Eddie Collins"}
{"date": "2016-10-31", "name": "Ashley Sides", "name_org": "Ashley Sides"}
{"date": "2016-12-07", "name": "Redrick Batiste", "name_org": "Redrick Batiste"}
{"date": "2016-12-07", "name": "Keelan Murray", "name_org": "Keelan Murray"}
{"date": "2016-12-07", "name": "Mark Hicks", "name_org": "Mark Hicks"}
{"date": "2016-11-20", "name": "Jacob Stevens", "name_org": "Jacob Stevens"}
{"date": "2016-11-28", "name": "Jason Stringer", "name_org": "Jason Stringer"}
{"date": "2016-12-02", "name": "Joseph Turner", "name_org": "Joseph Turner Jr"}
{"date": "2016-11-30", "name": "Daniel Landeros", "name_org": "Daniel Landeros"}
{"date": "2016-11-16", "name": "Bruce Johnson", "name_org": "Bruce Johnson"}
{"date": "2016-11-12", "name": "Jackie Weems", "name_org": "Jackie Weems Jr"}
{"date": "2016-11-22", "name": "Elijah Cobb", "name_org": "Elijah Cobb"}
{"date": "2016-11-21", "name": "Greta Kurian", "name_org": "Greta Kurian"}
{"date": "2016-11-21", "name": "Sarah Palmer", "name_org": "Sarah Palmer"}
{"date": "2016-12-07", "name": "Daniel Riedmann", "name_org": "Daniel Riedmann"}
{"date": "2016-12-09", "name": "Scott MacIntosh", "name_org": "Scott MacIntosh"}
{"date": "2016-12-09", "name": "Brent Quinn", "name_org": "Brent Quinn"}
{"date": "2016-12-09", "name": "Stephen Whitney", "name_org": "Stephen Whitney"}
{"date": "2016-12-10", "name": "Samson Varner", "name_org": "Samson Varner"}
{"date": "2016-12-10", "name": "Waltki Williams", "name_org": "Waltki Williams"}
{"date": "2016-12-11", "name": "Timothy Case", "name_org": "Timothy Case"}
{"date": "2016-12-11", "name": "Randy Cumberledge", "name_org": "Randy Cumberledge"}
{"date": "2016-12-12", "name": "Francisco Serna", "name_org": "Francisco Serna"}
{"date": "2016-12-12", "name": "Rainer Smith", "name_org": "Rainer Smith"}
{"date": "2016-12-12", "name": "Kenneth Robledo", "name_org": "Kenneth Robledo"}
{"date": "2016-12-11", "name": "Gary Herd", "name_org": "Gary Herd Jr"}
{"date": "2016-12-11", "name": "Amber Lewis", "name_org": "Amber Lewis"}
{"date": "2016-12-11", "name": "Jose Vallarta", "name_org": "Jose Vallarta"}
{"date": "2016-12-13", "name": "Earl Eubanks", "name_org": "Earl Eubanks Jr"}
{"date": "2016-12-13", "name": "Lavar Douglas", "name_org": "Lavar Douglas"}
{"date": "2016-12-15", "name": "Robert Hess", "name_org": "Robert Hess"}
{"date": "2016-12-16", "name": "Jeremiah Anderson", "name_org": "Jeremiah Anderson"}
{"date": "2016-12-17", "name": "Chassady LeClair", "name_org": "Chassady LeClair"}
{"date": "2016-12-17", "name": "Jimmy Lawson", "name_org": "Jimmy Lawson"}
{"date": "2016-12-18", "name": "Ronald Massengale", "name_org": "Ronald Massengale"}
{"date": "2016-12-18", "name": "Paul Kolar", "name_org": "Paul Kolar"}
{"date": "2016-12-18", "name": "Ryan Joseph", "name_org": "Ryan Joseph"}
{"date": "2016-12-19", "name": "Roy Minton", "name_org": "Roy Minton"}
{"date": "2016-12-20", "name": "Martin Gomez", "name_org": "Martin Gomez"}
{"date": "2016-04-26", "name": "Antonio Gonzalez", "name_org": "Antonio Gonzalez"}
{"date": "2016-07-07", "name": "Edmund Studdard", "name_org": "Edmund Studdard"}
{"date": "2016-12-20", "name": "Nick Hamilton", "name_org": "Nick Hamilton"}
{"date": "2016-12-21", "name": "Ian King", "name_org": "Ian King"}
{"date": "2016-12-21", "name": "Colton Calaway", "name_org": "Colton Calaway"}
{"date": "2016-12-21", "name": "William Newman", "name_org": "William Newman"}
{"date": "2016-12-21", "name": "Benjamin Ortiz", "name_org": "Benjamin Ortiz"}
{"date": "2016-12-21", "name": "Matthew Richardson", "name_org": "Matthew Richardson"}
{"date": "2016-12-21", "name": "Anthony Eddington", "name_org": "Anthony Eddington"}
{"date": "2016-12-21", "name": "Luis Ambrosio-Aguilar", "name_org": "Luis Ambrosio-Aguilar"}
{"date": "2016-12-21", "name": "Raymond Salaiz", "name_org": "Raymond Salaiz"}
{"date": "2016-12-22", "name": "Terrence Thomas", "name_org": "Terrence Thomas Jr"}
{"date": "2016-12-22", "name": "Stanley Eversole", "name_org": "Stanley Eversole"}
{"date": "2016-12-23", "name": "Jose Sanchez", "name_org": "Jose Sanchez"}
{"date": "2016-12-23", "name": "Michael Jacques", "name_org": "Michael Jacques"}
{"date": "2016-12-24", "name": "Miriam Savino", "name_org": "Miriam Savino"}
{"date": "2016-12-24", "name": "Zhonghua Li", "name_org": "Zhonghua Li"}
{"date": "2016-12-25", "name": "Michael Altice", "name_org": "Michael Altice"}
{"date": "2016-12-25", "name": "Gerald Hall", "name_org": "Gerald Hall"}
{"date": "2016-12-25", "name": "Joseph Garcia", "name_org": "Joseph Garcia"}
{"date": "2016-12-25", "name": "James Tylka", "name_org": "James Tylka"}
{"date": "2016-12-27", "name": "Dustin Kirk", "name_org": "Dustin Kirk"}
{"date": "2016-12-20", "name": "Codey Hardman", "name_org": "Codey Hardman"}
{"date": "2016-12-27", "name": "Alfonso Lopez", "name_org": "Alfonso Lopez"}
{"date": "2016-12-27", "name": "Jake Childers", "name_org": "Jake Childers"}
{"date": "2016-12-27", "name": "David Carver", "name_org": "David Carver"}
{"date": "2016-12-28", "name": "Christopher Tucker", "name_org": "Christopher Tucker"}
{"date": "2016-12-29", "name": "James Rich", "name_org": "James Rich II"}
{"date": "2016-12-07", "name": "Steven Ward", "name_org": "Steven Ward"}
{"date": "2016-12-17", "name": "Fidel Barrios", "name_org": "Fidel Barrios"}
